mode,species,start_utc,stop_utc
1,H+&O+&O2+ (joint),2021-12-01T08:32:00Z,2021-12-01T08:38:00Z
1,H+&O+&O2+ (joint),2021-12-01T11:44:00Z,2021-12-01T11:52:00Z
1,H+&O+&O2+ (joint),2021-12-01T14:56:00Z,2021-12-01T15:04:00Z
1,H+&O+&O2+ (joint),2021-12-01T19:12:00Z,2021-12-01T19:20:00Z
1,H+&O+&O2+ (joint),2021-12-02T02:48:00Z,2021-12-02T02:56:00Z
1,H+&O+&O2+ (joint),2021-12-02T07:46:00Z,2021-12-02T07:52:00Z
1,H+&O+&O2+ (joint),2021-12-02T13:24:00Z,2021-12-02T13:32:00Z
1,H+&O+&O2+ (joint),2021-12-03T04:56:00Z,2021-12-03T05:04:00Z
1,H+&O+&O2+ (joint),2021-12-03T12:00:00Z,2021-12-03T12:08:00Z
1,H+&O+&O2+ (joint),2021-12-05T22:08:00Z,2021-12-05T22:16:00Z
1,H+&O+&O2+ (joint),2021-12-06T10:48:00Z,2021-12-06T10:56:00Z
1,H+&O+&O2+ (joint),2021-12-06T13:20:00Z,2021-12-06T13:28:00Z
1,H+&O+&O2+ (joint),2021-12-06T20:52:00Z,2021-12-06T21:00:00Z
1,H+&O+&O2+ (joint),2021-12-07T08:00:00Z,2021-12-07T08:08:00Z
1,H+&O+&O2+ (joint),2021-12-07T15:05:00Z,2021-12-07T15:15:00Z
1,H+&O+&O2+ (joint),2021-12-07T17:20:00Z,2021-12-07T17:28:00Z
1,H+&O+&O2+ (joint),2021-12-07T23:48:00Z,2021-12-07T23:56:00Z
1,H+&O+&O2+ (joint),2021-12-08T07:28:00Z,2021-12-08T07:36:00Z
1,H+&O+&O2+ (joint),2021-12-08T14:56:00Z,2021-12-08T15:04:00Z
1,H+&O+&O2+ (joint),2021-12-08T22:00:00Z,2021-12-08T22:08:00Z
1,H+&O+&O2+ (joint),2021-12-09T00:40:00Z,2021-12-09T00:48:00Z
1,H+&O+&O2+ (joint),2021-12-09T16:32:00Z,2021-12-09T16:40:00Z
1,H+&O+&O2+ (joint),2021-12-10T15:44:00Z,2021-12-10T15:52:00Z
1,H+&O+&O2+ (joint),2021-12-10T20:56:00Z,2021-12-10T21:04:00Z
1,H+&O+&O2+ (joint),2021-12-10T23:04:00Z,2021-12-10T23:12:00Z
1,H+&O+&O2+ (joint),2021-12-11T06:16:00Z,2021-12-11T06:24:00Z
1,H+&O+&O2+ (joint),2021-12-11T08:36:00Z,2021-12-11T08:44:00Z
1,H+&O+&O2+ (joint),2021-12-11T13:52:00Z,2021-12-11T14:00:00Z
1,H+&O+&O2+ (joint),2021-12-12T08:20:00Z,2021-12-12T08:28:00Z
1,H+&O+&O2+ (joint),2021-12-12T11:32:00Z,2021-12-12T11:40:00Z
1,H+&O+&O2+ (joint),2021-12-13T00:28:00Z,2021-12-13T00:36:00Z
1,H+&O+&O2+ (joint),2021-12-13T07:52:00Z,2021-12-13T08:00:00Z
1,H+&O+&O2+ (joint),2021-12-13T19:44:00Z,2021-12-13T19:52:00Z
1,H+&O+&O2+ (joint),2021-12-13T22:08:00Z,2021-12-13T22:16:00Z
1,H+&O+&O2+ (joint),2021-12-14T00:24:00Z,2021-12-14T00:32:00Z
1,H+&O+&O2+ (joint),2021-12-14T12:48:00Z,2021-12-14T12:56:00Z
1,H+&O+&O2+ (joint),2021-12-14T16:52:00Z,2021-12-14T17:00:00Z
1,H+&O+&O2+ (joint),2021-12-14T19:16:00Z,2021-12-14T19:24:00Z
1,H+&O+&O2+ (joint),2021-12-15T00:04:00Z,2021-12-15T00:12:00Z
1,H+&O+&O2+ (joint),2021-12-15T09:20:00Z,2021-12-15T09:28:00Z
1,H+&O+&O2+ (joint),2021-12-15T15:16:00Z,2021-12-15T15:24:00Z
1,H+&O+&O2+ (joint),2021-12-15T19:36:00Z,2021-12-15T19:44:00Z
1,H+&O+&O2+ (joint),2021-12-16T02:24:00Z,2021-12-16T02:32:00Z
1,H+&O+&O2+ (joint),2021-12-16T06:04:00Z,2021-12-16T06:12:00Z
1,H+&O+&O2+ (joint),2021-12-18T13:00:00Z,2021-12-18T13:08:00Z
1,H+&O+&O2+ (joint),2021-12-18T23:12:00Z,2021-12-18T23:20:00Z
1,H+&O+&O2+ (joint),2021-12-19T12:00:00Z,2021-12-19T12:08:00Z
1,H+&O+&O2+ (joint),2021-12-19T18:44:00Z,2021-12-19T18:52:00Z
1,H+&O+&O2+ (joint),2021-12-19T22:08:00Z,2021-12-19T22:16:00Z
1,H+&O+&O2+ (joint),2021-12-20T04:56:00Z,2021-12-20T05:04:00Z
1,H+&O+&O2+ (joint),2021-12-20T09:12:00Z,2021-12-20T09:20:00Z
1,H+&O+&O2+ (joint),2021-12-20T11:52:00Z,2021-12-20T12:00:00Z
1,H+&O+&O2+ (joint),2021-12-20T11:53:00Z,2021-12-20T12:00:00Z
1,H+&O+&O2+ (joint),2021-12-20T17:48:00Z,2021-12-20T17:56:00Z
1,H+&O+&O2+ (joint),2021-12-21T06:28:00Z,2021-12-21T06:36:00Z
1,H+&O+&O2+ (joint),2021-12-21T09:08:00Z,2021-12-21T09:16:00Z
1,H+&O+&O2+ (joint),2021-12-21T14:00:00Z,2021-12-21T14:08:00Z
1,H+&O+&O2+ (joint),2021-12-21T19:48:00Z,2021-12-21T19:56:00Z
1,H+&O+&O2+ (joint),2021-12-22T03:32:00Z,2021-12-22T03:40:00Z
1,H+&O+&O2+ (joint),2021-12-22T11:16:00Z,2021-12-22T11:24:00Z
1,H+&O+&O2+ (joint),2021-12-22T13:28:00Z,2021-12-22T13:36:00Z
1,H+&O+&O2+ (joint),2021-12-22T21:48:00Z,2021-12-22T21:56:00Z
1,H+&O+&O2+ (joint),2021-12-23T04:32:00Z,2021-12-23T04:40:00Z
1,H+&O+&O2+ (joint),2021-12-23T07:28:00Z,2021-12-23T07:36:00Z
1,H+&O+&O2+ (joint),2021-12-23T15:32:00Z,2021-12-23T15:40:00Z
1,H+&O+&O2+ (joint),2021-12-23T22:00:00Z,2021-12-23T22:08:00Z
1,H+&O+&O2+ (joint),2021-12-24T01:56:00Z,2021-12-24T02:04:00Z
1,H+&O+&O2+ (joint),2021-12-24T01:57:00Z,2021-12-24T02:04:00Z
1,H+&O+&O2+ (joint),2021-12-24T06:32:00Z,2021-12-24T06:40:00Z
1,H+&O+&O2+ (joint),2021-12-24T17:36:00Z,2021-12-24T17:44:00Z
1,H+&O+&O2+ (joint),2021-12-24T22:44:00Z,2021-12-24T22:52:00Z
1,H+&O+&O2+ (joint),2021-12-25T06:16:00Z,2021-12-25T06:24:00Z
1,H+&O+&O2+ (joint),2021-12-25T09:16:00Z,2021-12-25T09:24:00Z
1,H+&O+&O2+ (joint),2021-12-25T20:04:00Z,2021-12-25T20:12:00Z
1,H+&O+&O2+ (joint),2021-12-25T23:24:00Z,2021-12-25T23:32:00Z
1,H+&O+&O2+ (joint),2021-12-26T02:24:00Z,2021-12-26T02:31:00Z
1,H+&O+&O2+ (joint),2021-12-26T02:24:00Z,2021-12-26T02:32:00Z
1,H+&O+&O2+ (joint),2021-12-26T06:16:00Z,2021-12-26T06:24:00Z
1,H+&O+&O2+ (joint),2021-12-26T08:16:00Z,2021-12-26T08:24:00Z
1,H+&O+&O2+ (joint),2021-12-26T17:00:00Z,2021-12-26T17:08:00Z
1,H+&O+&O2+ (joint),2021-12-27T21:24:00Z,2021-12-27T21:32:00Z
1,H+&O+&O2+ (joint),2021-12-27T23:24:00Z,2021-12-27T23:32:00Z
1,H+&O+&O2+ (joint),2021-12-28T02:16:00Z,2021-12-28T02:24:00Z
1,H+&O+&O2+ (joint),2021-12-28T15:56:00Z,2021-12-28T16:04:00Z
1,H+&O+&O2+ (joint),2021-12-28T18:48:00Z,2021-12-28T18:56:00Z
1,H+&O+&O2+ (joint),2021-12-28T23:56:00Z,2021-12-29T00:04:00Z
1,H+&O+&O2+ (joint),2021-12-29T12:44:00Z,2021-12-29T12:52:00Z
1,H+&O+&O2+ (joint),2021-12-29T15:20:00Z,2021-12-29T15:28:00Z
1,H+&O+&O2+ (joint),2021-12-29T20:36:00Z,2021-12-29T20:44:00Z
1,H+&O+&O2+ (joint),2021-12-29T22:48:00Z,2021-12-29T22:56:00Z
1,H+&O+&O2+ (joint),2021-12-30T03:56:00Z,2021-12-30T04:04:00Z
1,H+&O+&O2+ (joint),2021-12-30T06:12:00Z,2021-12-30T06:20:00Z
1,H+&O+&O2+ (joint),2021-12-30T13:00:00Z,2021-12-30T13:08:00Z
1,H+&O+&O2+ (joint),2021-12-30T17:28:00Z,2021-12-30T17:36:00Z
1,H+&O+&O2+ (joint),2022-03-05T06:04:00Z,2022-03-05T06:12:00Z
1,H+&O+&O2+ (joint),2022-03-10T13:16:00Z,2022-03-10T13:24:00Z
1,H+&O+&O2+ (joint),2022-03-14T16:33:00Z,2022-03-14T16:40:00Z
1,H+&O+&O2+ (joint),2022-03-18T12:08:00Z,2022-03-18T12:16:00Z
1,H+&O+&O2+ (joint),2022-03-19T19:01:00Z,2022-03-19T19:03:00Z
1,H+&O+&O2+ (joint),2022-03-19T19:17:00Z,2022-03-19T19:19:00Z
1,H+&O+&O2+ (joint),2022-03-21T18:32:00Z,2022-03-21T18:40:00Z
1,H+&O+&O2+ (joint),2022-03-24T17:44:00Z,2022-03-24T17:52:00Z
1,H+&O+&O2+ (joint),2022-03-25T14:00:00Z,2022-03-25T14:08:00Z
1,H+&O+&O2+ (joint),2022-03-30T22:04:00Z,2022-03-30T22:12:00Z
1,H+&O+&O2+ (joint),2022-04-06T02:20:00Z,2022-04-06T02:28:00Z
1,H+&O+&O2+ (joint),2022-04-07T01:32:00Z,2022-04-07T01:40:00Z
1,H+&O+&O2+ (joint),2022-04-10T05:32:00Z,2022-04-10T05:40:00Z
1,H+&O+&O2+ (joint),2022-04-12T07:08:00Z,2022-04-12T07:16:00Z
1,H+&O+&O2+ (joint),2022-04-12T09:08:00Z,2022-04-12T09:16:00Z
1,H+&O+&O2+ (joint),2022-04-12T23:20:00Z,2022-04-12T23:28:00Z
1,H+&O+&O2+ (joint),2022-04-13T05:16:00Z,2022-04-13T05:24:00Z
1,H+&O+&O2+ (joint),2022-04-16T10:12:00Z,2022-04-16T10:20:00Z
1,H+&O+&O2+ (joint),2022-04-18T00:04:00Z,2022-04-18T00:12:00Z
1,H+&O+&O2+ (joint),2022-04-18T07:08:00Z,2022-04-18T07:16:00Z
1,H+&O+&O2+ (joint),2022-04-18T13:52:00Z,2022-04-18T14:00:00Z
1,H+&O+&O2+ (joint),2022-04-19T03:36:00Z,2022-04-19T03:44:00Z
1,H+&O+&O2+ (joint),2022-04-19T09:12:00Z,2022-04-19T09:20:00Z
1,H+&O+&O2+ (joint),2022-04-25T01:12:00Z,2022-04-25T01:20:00Z
1,H+&O+&O2+ (joint),2022-04-25T10:16:00Z,2022-04-25T10:24:00Z
1,H+&O+&O2+ (joint),2022-04-25T13:56:00Z,2022-04-25T14:04:00Z
1,H+&O+&O2+ (joint),2022-04-28T14:44:00Z,2022-04-28T14:52:00Z
1,H+&O+&O2+ (joint),2022-04-28T19:36:00Z,2022-04-28T19:44:00Z
1,H+&O+&O2+ (joint),2022-04-29T07:24:00Z,2022-04-29T07:32:00Z
1,H+&O+&O2+ (joint),2022-04-29T16:48:00Z,2022-04-29T16:56:00Z
1,H+&O+&O2+ (joint),2022-05-01T18:24:00Z,2022-05-01T18:32:00Z
1,H+&O+&O2+ (joint),2022-05-02T03:40:00Z,2022-05-02T03:48:00Z
1,H+&O+&O2+ (joint),2022-05-05T09:04:00Z,2022-05-05T09:12:00Z
1,H+&O+&O2+ (joint),2022-05-07T23:44:00Z,2022-05-07T23:52:00Z
1,H+&O+&O2+ (joint),2022-05-14T03:52:00Z,2022-05-14T04:00:00Z
1,H+&O+&O2+ (joint),2022-05-15T01:04:00Z,2022-05-15T01:12:00Z
1,H+&O+&O2+ (joint),2022-05-17T03:20:00Z,2022-05-17T03:28:00Z
1,H+&O+&O2+ (joint),2022-05-17T16:24:00Z,2022-05-17T16:32:00Z
1,H+&O+&O2+ (joint),2022-05-21T10:00:00Z,2022-05-21T10:08:00Z
1,H+&O+&O2+ (joint),2022-05-31T03:40:00Z,2022-05-31T03:48:00Z
1,H+&O+&O2+ (joint),2022-06-11T23:16:00Z,2022-06-11T23:24:00Z
1,H+&O+&O2+ (joint),2022-06-16T01:56:00Z,2022-06-16T02:04:00Z
1,H+&O+&O2+ (joint),2022-06-26T16:44:00Z,2022-06-26T16:52:00Z
1,H+&O+&O2+ (joint),2022-07-16T18:15:00Z,2022-07-16T18:17:00Z
1,H+&O+&O2+ (joint),2022-07-16T18:36:00Z,2022-07-16T18:44:00Z
1,H+&O+&O2+ (joint),2022-07-17T01:36:00Z,2022-07-17T01:39:00Z
1,H+&O+&O2+ (joint),2022-07-17T02:06:00Z,2022-07-17T02:10:00Z
1,H+&O+&O2+ (joint),2022-08-16T04:20:00Z,2022-08-16T04:28:00Z
1,H+&O+&O2+ (joint),2023-04-16T02:40:00Z,2023-04-16T02:48:00Z
1,H+&O+&O2+ (joint),2023-04-17T00:13:00Z,2023-04-17T00:16:00Z
1,H+&O+&O2+ (joint),2023-07-04T22:00:00Z,2023-07-04T22:05:00Z
1,H+&O+&O2+ (joint),2023-07-04T22:20:00Z,2023-07-04T22:24:00Z
1,H+&O+&O2+ (joint),2023-07-05T12:15:00Z,2023-07-05T12:18:00Z
1,H+&O+&O2+ (joint),2023-07-06T08:36:00Z,2023-07-06T08:44:00Z
1,H+&O+&O2+ (joint),2023-07-07T00:12:00Z,2023-07-07T00:20:00Z
1,H+&O+&O2+ (joint),2023-07-07T20:53:00Z,2023-07-07T20:56:00Z
1,H+&O+&O2+ (joint),2023-07-07T21:29:00Z,2023-07-07T21:34:00Z
1,H+&O+&O2+ (joint),2023-07-10T16:59:00Z,2023-07-10T17:02:00Z
1,H+&O+&O2+ (joint),2023-07-10T23:45:00Z,2023-07-10T23:51:00Z
1,H+&O+&O2+ (joint),2023-07-10T23:52:00Z,2023-07-10T23:55:00Z
1,H+&O+&O2+ (joint),2023-07-12T04:07:00Z,2023-07-12T04:12:00Z
1,H+&O+&O2+ (joint),2023-07-12T06:00:00Z,2023-07-12T06:07:00Z
1,H+&O+&O2+ (joint),2023-07-12T11:14:00Z,2023-07-12T11:17:00Z
1,H+&O+&O2+ (joint),2023-07-12T11:18:00Z,2023-07-12T11:23:00Z
1,H+&O+&O2+ (joint),2023-07-12T13:44:00Z,2023-07-12T13:49:00Z
1,H+&O+&O2+ (joint),2023-07-12T19:32:00Z,2023-07-12T19:40:00Z
1,H+&O+&O2+ (joint),2023-07-13T11:07:00Z,2023-07-13T11:14:00Z
1,H+&O+&O2+ (joint),2023-07-27T07:52:00Z,2023-07-27T08:00:00Z
1,H+&O+&O2+ (joint),2023-08-06T13:04:00Z,2023-08-06T13:12:00Z
1,H+&O+&O2+ (joint),2023-08-07T22:31:00Z,2023-08-07T22:40:00Z
1,H+&O+&O2+ (joint),2023-08-08T02:25:00Z,2023-08-08T02:32:00Z
1,H+&O+&O2+ (joint),2023-08-08T02:32:00Z,2023-08-08T02:40:00Z
1,H+&O+&O2+ (joint),2023-08-08T02:40:00Z,2023-08-08T02:50:00Z
1,H+&O+&O2+ (joint),2023-08-08T02:50:00Z,2023-08-08T02:54:00Z
1,H+&O+&O2+ (joint),2023-08-08T03:36:00Z,2023-08-08T03:46:00Z
1,H+&O+&O2+ (joint),2023-08-08T03:55:00Z,2023-08-08T04:05:00Z
1,H+&O+&O2+ (joint),2023-09-03T01:38:00Z,2023-09-03T01:48:00Z
1,H+&O+&O2+ (joint),2023-09-03T01:55:00Z,2023-09-03T02:04:00Z
1,H+&O+&O2+ (joint),2023-09-03T02:08:00Z,2023-09-03T02:15:00Z
1,H+&O+&O2+ (joint),2023-09-03T02:15:00Z,2023-09-03T02:21:00Z
1,H+&O+&O2+ (joint),2023-09-03T04:48:00Z,2023-09-03T04:56:00Z
1,H+&O+&O2+ (joint),2023-09-19T14:12:00Z,2023-09-19T14:20:00Z
1,H+&O+&O2+ (joint),2023-09-19T20:24:00Z,2023-09-19T20:32:00Z
1,H+&O+&O2+ (joint),2023-09-24T03:13:00Z,2023-09-24T03:23:00Z
1,H+&O+&O2+ (joint),2023-09-27T12:09:00Z,2023-09-27T12:12:00Z
1,H+&O+&O2+ (joint),2023-09-27T12:12:00Z,2023-09-27T12:22:00Z
1,H+&O+&O2+ (joint),2023-09-27T12:24:00Z,2023-09-27T12:32:00Z
1,H+&O+&O2+ (joint),2023-09-27T12:32:00Z,2023-09-27T12:35:00Z
1,H+&O+&O2+ (joint),2023-09-27T12:36:00Z,2023-09-27T12:45:00Z
1,H+&O+&O2+ (joint),2023-09-27T12:50:00Z,2023-09-27T12:59:00Z
1,H+&O+&O2+ (joint),2023-09-27T13:08:00Z,2023-09-27T13:16:00Z
1,H+&O+&O2+ (joint),2023-10-08T03:42:00Z,2023-10-08T03:44:00Z
1,H+&O+&O2+ (joint),2023-12-03T01:04:00Z,2023-12-03T01:12:00Z
1,H+&O+&O2+ (joint),2023-12-03T23:56:00Z,2023-12-04T00:02:00Z
1,H+&O+&O2+ (joint),2023-12-18T11:09:00Z,2023-12-18T11:14:00Z
1,H+&O+&O2+ (joint),2024-01-06T08:36:00Z,2024-01-06T08:44:00Z
1,H+&O+&O2+ (joint),2024-01-15T19:01:00Z,2024-01-15T19:05:00Z
1,H+&O+&O2+ (joint),2024-01-23T02:12:00Z,2024-01-23T02:19:00Z
1,H+&O+&O2+ (joint),2024-01-27T22:40:00Z,2024-01-27T22:48:00Z
1,H+&O+&O2+ (joint),2024-01-29T20:54:00Z,2024-01-29T20:59:00Z
1,H+&O+&O2+ (joint),2024-02-09T06:32:00Z,2024-02-09T06:38:00Z
1,H+&O+&O2+ (joint),2024-02-21T01:51:00Z,2024-02-21T01:54:00Z
1,H+&O+&O2+ (joint),2024-02-25T10:48:00Z,2024-02-25T10:56:00Z
1,H+&O+&O2+ (joint),2024-02-26T23:23:00Z,2024-02-26T23:27:00Z
1,H+&O+&O2+ (joint),2024-03-02T02:32:00Z,2024-03-02T02:38:00Z
1,H+&O+&O2+ (joint),2024-03-02T09:48:00Z,2024-03-02T09:56:00Z
1,H+&O+&O2+ (joint),2024-03-03T06:52:00Z,2024-03-03T07:00:00Z
1,H+&O+&O2+ (joint),2024-03-04T04:16:00Z,2024-03-04T04:21:00Z
1,H+&O+&O2+ (joint),2024-03-07T09:28:00Z,2024-03-07T09:36:00Z
1,H+&O+&O2+ (joint),2024-03-08T07:14:00Z,2024-03-08T07:19:00Z
1,H+&O+&O2+ (joint),2024-03-08T07:20:00Z,2024-03-08T07:23:00Z
1,H+&O+&O2+ (joint),2024-03-08T07:28:00Z,2024-03-08T07:31:00Z
1,H+&O+&O2+ (joint),2024-03-08T07:32:00Z,2024-03-08T07:35:00Z
1,H+&O+&O2+ (joint),2024-03-08T07:36:00Z,2024-03-08T07:40:00Z
1,H+&O+&O2+ (joint),2024-03-11T14:36:00Z,2024-03-11T14:44:00Z
1,H+&O+&O2+ (joint),2024-03-24T05:44:00Z,2024-03-24T05:52:00Z
1,H+&O+&O2+ (joint),2024-08-07T08:15:00Z,2024-08-07T08:18:00Z
1,H+&O+&O2+ (joint),2024-08-10T01:32:00Z,2024-08-10T01:34:00Z
1,H+&O+&O2+ (joint),2024-08-20T12:04:00Z,2024-08-20T12:12:00Z
1,H+&O+&O2+ (joint),2024-09-03T12:40:00Z,2024-09-03T12:45:00Z
1,H+&O+&O2+ (joint),2024-09-05T20:12:00Z,2024-09-05T20:20:00Z
1,H+&O+&O2+ (joint),2024-09-05T20:23:00Z,2024-09-05T20:26:00Z
1,H+&O+&O2+ (joint),2024-09-05T20:55:00Z,2024-09-05T20:59:00Z
1,H+&O+&O2+ (joint),2024-09-10T09:54:00Z,2024-09-10T09:56:00Z
1,H+&O+&O2+ (joint),2024-09-14T11:24:00Z,2024-09-14T11:32:00Z
1,H+&O+&O2+ (joint),2024-09-17T07:52:00Z,2024-09-17T07:54:00Z
1,H+&O+&O2+ (joint),2024-09-20T04:56:00Z,2024-09-20T05:01:00Z
1,H+&O+&O2+ (joint),2024-10-15T14:16:00Z,2024-10-15T14:21:00Z
1,H+&O+&O2+ (joint),2024-10-16T13:04:00Z,2024-10-16T13:06:00Z
1,H+&O+&O2+ (joint),2024-11-11T03:39:00Z,2024-11-11T03:49:00Z
1,H+&O+&O2+ (joint),2024-11-13T11:28:00Z,2024-11-13T11:36:00Z
1,H+&O+&O2+ (joint),2024-11-18T20:01:00Z,2024-11-18T20:04:00Z
1,H+&O+&O2+ (joint),2024-11-20T23:28:00Z,2024-11-20T23:32:00Z
1,H+&O+&O2+ (joint),2024-11-25T21:48:00Z,2024-11-25T21:56:00Z
1,H+&O+&O2+ (joint),2024-12-10T02:44:00Z,2024-12-10T02:52:00Z
1,H+&O+&O2+ (joint),2025-01-28T19:00:00Z,2025-01-28T19:04:00Z
1,H+&O+&O2+ (joint),2025-01-29T11:10:00Z,2025-01-29T11:12:00Z
1,H+&O+&O2+ (joint),2025-01-31T04:28:00Z,2025-01-31T04:36:00Z
1,H+&O+&O2+ (joint),2025-01-31T06:05:00Z,2025-01-31T06:07:00Z
1,H+&O+&O2+ (joint),2025-01-31T06:29:00Z,2025-01-31T06:32:00Z
1,H+&O+&O2+ (joint),2025-02-06T23:01:00Z,2025-02-06T23:03:00Z
1,H+&O+&O2+ (joint),2025-02-06T23:08:00Z,2025-02-06T23:16:00Z
1,H+&O+&O2+ (joint),2025-02-06T23:43:00Z,2025-02-06T23:45:00Z
1,H+&O+&O2+ (joint),2025-02-07T00:45:00Z,2025-02-07T00:47:00Z
1,H+&O+&O2+ (joint),2025-02-10T16:20:00Z,2025-02-10T16:28:00Z
1,H+&O+&O2+ (joint),2025-02-25T00:36:00Z,2025-02-25T00:38:00Z
1,H+&O+&O2+ (joint),2025-02-25T07:32:00Z,2025-02-25T07:40:00Z
1,H+&O+&O2+ (joint),2025-02-25T13:48:00Z,2025-02-25T13:56:00Z
1,H+&O+&O2+ (joint),2025-03-28T20:56:00Z,2025-03-28T21:04:00Z
1,H+&O+&O2+ (joint),2025-03-29T02:00:00Z,2025-03-29T02:08:00Z
1,H+&O+&O2+ (joint),2025-03-29T09:12:00Z,2025-03-29T09:20:00Z
1,H+&O+&O2+ (joint),2025-03-29T09:44:00Z,2025-03-29T09:46:00Z
1,H+&O+&O2+ (joint),2025-03-29T12:40:00Z,2025-03-29T12:48:00Z
1,H+&O+&O2+ (joint),2025-04-17T09:40:00Z,2025-04-17T09:48:00Z
1,H+&O+&O2+ (joint),2025-06-20T08:06:00Z,2025-06-20T08:08:00Z
1,H+&O+&O2+ (joint),2025-07-01T01:53:00Z,2025-07-01T02:00:00Z
1,H+&O+&O2+ (joint),2025-07-01T02:00:00Z,2025-07-01T02:03:00Z
1,H+&O+&O2+ (joint),2025-07-04T15:48:00Z,2025-07-04T15:56:00Z
1,H+&O+&O2+ (joint),2025-07-20T20:04:00Z,2025-07-20T20:12:00Z
1,H+&O+&O2+ (joint),2025-07-22T02:16:00Z,2025-07-22T02:24:00Z
1,H+&O+&O2+ (joint),2025-07-26T07:40:00Z,2025-07-26T07:48:00Z
1,H+&O+&O2+ (joint),2025-07-27T10:44:00Z,2025-07-27T10:52:00Z
1,H+&O+&O2+ (joint),2025-07-27T13:52:00Z,2025-07-27T14:00:00Z
1,H+&O+&O2+ (joint),2025-07-27T21:36:00Z,2025-07-27T21:44:00Z
1,H+&O+&O2+ (joint),2025-07-28T17:28:00Z,2025-07-28T17:36:00Z
1,H+&O+&O2+ (joint),2025-07-31T16:16:00Z,2025-07-31T16:24:00Z
1,H+&O+&O2+ (joint),2025-07-31T20:36:00Z,2025-07-31T20:44:00Z
1,H+&O+&O2+ (joint),2025-08-01T00:08:00Z,2025-08-01T00:16:00Z
1,H+&O+&O2+ (joint),2025-08-01T05:20:00Z,2025-08-01T05:28:00Z
1,H+&O+&O2+ (joint),2025-08-11T18:20:00Z,2025-08-11T18:28:00Z
1,H+&O+&O2+ (joint),2025-08-15T19:32:00Z,2025-08-15T19:40:00Z
1,H+&O+&O2+ (joint),2025-08-26T17:16:00Z,2025-08-26T17:24:00Z
1,H+&O+&O2+ (joint),2025-08-27T08:00:00Z,2025-08-27T08:08:00Z
1,H+&O+&O2+ (joint),2025-08-31T22:48:00Z,2025-08-31T22:56:00Z
1,H+&O+&O2+ (joint),2025-09-01T12:28:00Z,2025-09-01T12:36:00Z
1,H+&O+&O2+ (joint),2025-09-05T01:48:00Z,2025-09-05T01:56:00Z
1,H+&O+&O2+ (joint),2025-09-13T16:08:00Z,2025-09-13T16:16:00Z
1,H+&O+&O2+ (joint),2025-09-13T19:16:00Z,2025-09-13T19:24:00Z
1,H+&O+&O2+ (joint),2025-09-13T21:32:00Z,2025-09-13T21:40:00Z
4,H+,2021-11-28T23:02:00Z,2021-11-28T23:07:00Z
4,H+,2021-11-29T13:01:00Z,2021-11-29T13:07:00Z
4,H+,2021-11-29T19:28:00Z,2021-11-29T19:34:00Z
4,H+,2021-11-29T19:44:00Z,2021-11-29T19:54:00Z
4,H+,2021-12-01T13:55:00Z,2021-12-01T14:03:00Z
4,H+,2021-12-01T14:04:00Z,2021-12-01T14:10:00Z
4,H+,2021-12-08T08:47:00Z,2021-12-08T08:54:00Z
4,H+,2021-12-08T08:55:00Z,2021-12-08T09:03:00Z
4,H+,2021-12-08T09:03:00Z,2021-12-08T09:13:00Z
4,H+,2021-12-14T20:38:00Z,2021-12-14T20:43:00Z
4,H+,2021-12-14T21:16:00Z,2021-12-14T21:21:00Z
4,H+,2022-04-12T09:52:00Z,2022-04-12T10:02:00Z
4,H+,2022-04-17T10:08:00Z,2022-04-17T10:18:00Z
4,H+,2022-04-17T10:18:00Z,2022-04-17T10:28:00Z
4,H+,2022-04-17T10:28:00Z,2022-04-17T10:38:00Z
4,H+,2022-04-18T07:27:00Z,2022-04-18T07:37:00Z
4,H+,2022-04-18T07:40:00Z,2022-04-18T07:50:00Z
4,H+,2022-04-18T07:58:00Z,2022-04-18T08:08:00Z
4,H+,2022-04-18T14:27:00Z,2022-04-18T14:37:00Z
4,H+,2022-04-18T14:37:00Z,2022-04-18T14:42:00Z
4,H+,2022-04-23T08:26:00Z,2022-04-23T08:32:00Z
4,H+,2022-04-23T15:08:00Z,2022-04-23T15:18:00Z
4,H+,2022-04-25T02:31:00Z,2022-04-25T02:36:00Z
4,H+,2022-06-01T05:58:00Z,2022-06-01T06:04:00Z
4,H+,2022-06-01T06:04:00Z,2022-06-01T06:14:00Z
4,H+,2022-06-01T06:14:00Z,2022-06-01T06:24:00Z
4,H+,2022-06-01T06:27:00Z,2022-06-01T06:37:00Z
4,H+,2022-06-11T07:27:00Z,2022-06-11T07:37:00Z
4,H+,2023-07-01T02:58:00Z,2023-07-01T03:08:00Z
4,H+,2023-07-01T03:13:00Z,2023-07-01T03:23:00Z
4,H+,2023-07-01T03:23:00Z,2023-07-01T03:28:00Z
4,H+,2023-07-01T03:43:00Z,2023-07-01T03:49:00Z
4,H+,2023-07-01T03:50:00Z,2023-07-01T03:57:00Z
4,H+,2023-07-05T06:35:00Z,2023-07-05T06:41:00Z
4,H+,2023-07-05T06:48:00Z,2023-07-05T06:58:00Z
4,H+,2023-07-07T00:32:00Z,2023-07-07T00:37:00Z
4,H+,2023-07-07T00:37:00Z,2023-07-07T00:47:00Z
4,H+,2023-07-07T00:49:00Z,2023-07-07T00:56:00Z
4,H+,2023-07-07T00:56:00Z,2023-07-07T01:06:00Z
4,H+,2023-07-07T01:06:00Z,2023-07-07T01:14:00Z
4,H+,2023-07-13T13:06:00Z,2023-07-13T13:16:00Z
4,H+,2023-07-13T19:22:00Z,2023-07-13T19:29:00Z
4,H+,2023-07-13T19:35:00Z,2023-07-13T19:43:00Z
4,H+,2023-07-14T09:32:00Z,2023-07-14T09:42:00Z
4,H+,2023-07-14T09:42:00Z,2023-07-14T09:52:00Z
4,H+,2023-07-14T09:52:00Z,2023-07-14T09:57:00Z
4,H+,2023-07-14T09:59:00Z,2023-07-14T10:09:00Z
4,H+,2023-07-14T10:09:00Z,2023-07-14T10:15:00Z
4,H+,2023-07-27T09:03:00Z,2023-07-27T09:09:00Z
4,H+,2023-07-27T09:14:00Z,2023-07-27T09:23:00Z
4,H+,2023-08-07T14:21:00Z,2023-08-07T14:30:00Z
4,H+,2023-08-07T21:09:00Z,2023-08-07T21:16:00Z
4,H+,2023-08-07T21:42:00Z,2023-08-07T21:47:00Z
4,H+,2023-08-07T21:50:00Z,2023-08-07T22:00:00Z
4,H+,2023-08-07T22:01:00Z,2023-08-07T22:07:00Z
4,H+,2023-08-08T04:13:00Z,2023-08-08T04:23:00Z
4,H+,2023-08-08T04:33:00Z,2023-08-08T04:43:00Z
4,H+,2023-08-08T04:43:00Z,2023-08-08T04:53:00Z
4,H+,2023-08-08T05:01:00Z,2023-08-08T05:11:00Z
4,H+,2023-08-31T11:30:00Z,2023-08-31T11:35:00Z
4,H+,2023-09-24T08:57:00Z,2023-09-24T09:05:00Z
4,H+,2023-09-24T09:08:00Z,2023-09-24T09:18:00Z
4,H+,2023-12-03T14:32:00Z,2023-12-03T14:42:00Z
4,H+,2023-12-03T14:42:00Z,2023-12-03T14:52:00Z
4,H+,2023-12-03T14:52:00Z,2023-12-03T15:00:00Z
4,H+,2023-12-11T06:43:00Z,2023-12-11T06:53:00Z
4,H+,2023-12-18T15:47:00Z,2023-12-18T15:53:00Z
4,H+,2023-12-18T15:53:00Z,2023-12-18T16:03:00Z
4,H+,2023-12-21T14:25:00Z,2023-12-21T14:30:00Z
4,H+,2023-12-22T18:49:00Z,2023-12-22T18:54:00Z
4,H+,2023-12-23T09:02:00Z,2023-12-23T09:12:00Z
4,H+,2023-12-23T09:15:00Z,2023-12-23T09:22:00Z
4,H+,2023-12-24T13:18:00Z,2023-12-24T13:28:00Z
4,H+,2023-12-26T07:58:00Z,2023-12-26T08:08:00Z
4,H+,2024-01-06T20:08:00Z,2024-01-06T20:18:00Z
4,H+,2024-01-08T21:42:00Z,2024-01-08T21:52:00Z
4,H+,2024-01-09T11:55:00Z,2024-01-09T12:01:00Z
4,H+,2024-08-12T11:00:00Z,2024-08-12T11:10:00Z
4,H+,2024-08-12T11:10:00Z,2024-08-12T11:16:00Z
4,H+,2024-08-12T11:16:00Z,2024-08-12T11:26:00Z
4,H+,2024-08-12T11:26:00Z,2024-08-12T11:36:00Z
4,H+,2024-08-12T11:39:00Z,2024-08-12T11:49:00Z
4,H+,2024-08-29T06:55:00Z,2024-08-29T07:05:00Z
4,H+,2024-08-30T17:57:00Z,2024-08-30T18:03:00Z
4,H+,2024-09-01T12:26:00Z,2024-09-01T12:36:00Z
4,H+,2024-09-01T12:39:00Z,2024-09-01T12:44:00Z
4,H+,2024-09-01T12:44:00Z,2024-09-01T12:54:00Z
4,H+,2024-09-01T13:00:00Z,2024-09-01T13:10:00Z
4,H+,2024-09-10T08:52:00Z,2024-09-10T09:02:00Z
4,H+,2024-09-20T16:47:00Z,2024-09-20T16:57:00Z
4,H+,2024-09-20T16:57:00Z,2024-09-20T17:03:00Z
4,H+,2024-09-22T05:00:00Z,2024-09-22T05:10:00Z
4,H+,2024-09-24T12:52:00Z,2024-09-24T12:59:00Z
4,H+,2024-09-24T13:00:00Z,2024-09-24T13:07:00Z
4,H+,2024-09-24T19:59:00Z,2024-09-24T20:09:00Z
4,H+,2024-09-24T20:09:00Z,2024-09-24T20:15:00Z
4,H+,2024-09-25T17:15:00Z,2024-09-25T17:25:00Z
4,H+,2024-09-29T13:19:00Z,2024-09-29T13:29:00Z
4,H+,2024-09-29T13:29:00Z,2024-09-29T13:35:00Z
4,H+,2024-10-05T10:56:00Z,2024-10-05T11:01:00Z
4,H+,2024-10-05T11:03:00Z,2024-10-05T11:08:00Z
4,H+,2024-10-12T20:00:00Z,2024-10-12T20:06:00Z
4,H+,2024-10-12T20:08:00Z,2024-10-12T20:14:00Z
4,H+,2024-10-12T20:22:00Z,2024-10-12T20:32:00Z
4,H+,2024-10-16T09:45:00Z,2024-10-16T09:55:00Z
4,H+,2024-10-19T01:33:00Z,2024-10-19T01:43:00Z
4,H+,2024-10-20T12:54:00Z,2024-10-20T13:04:00Z
4,H+,2024-10-21T02:57:00Z,2024-10-21T03:07:00Z
4,H+,2024-10-25T05:26:00Z,2024-10-25T05:31:00Z
4,H+,2024-10-27T07:52:00Z,2024-10-27T08:02:00Z
4,H+,2024-11-07T19:17:00Z,2024-11-07T19:22:00Z
4,H+,2024-11-07T19:22:00Z,2024-11-07T19:32:00Z
4,H+,2024-11-07T19:32:00Z,2024-11-07T19:39:00Z
4,H+,2024-11-07T19:39:00Z,2024-11-07T19:49:00Z
4,H+,2025-01-30T20:57:00Z,2025-01-30T21:04:00Z
4,H+,2025-01-30T21:05:00Z,2025-01-30T21:11:00Z
4,H+,2025-01-30T21:12:00Z,2025-01-30T21:17:00Z
4,H+,2025-01-31T04:52:00Z,2025-01-31T04:57:00Z
4,H+,2025-01-31T04:57:00Z,2025-01-31T05:07:00Z
4,H+,2025-01-31T05:07:00Z,2025-01-31T05:14:00Z
4,H+,2025-02-07T00:59:00Z,2025-02-07T01:09:00Z
4,H+,2025-02-07T01:10:00Z,2025-02-07T01:17:00Z
4,H+,2025-02-07T08:48:00Z,2025-02-07T08:58:00Z
4,H+,2025-02-07T09:01:00Z,2025-02-07T09:11:00Z
4,H+,2025-02-24T22:28:00Z,2025-02-24T22:36:00Z
4,O+,2021-11-26T21:35:00Z,2021-11-26T21:40:00Z
4,O+,2021-11-29T20:15:00Z,2021-11-29T20:21:00Z
4,O+,2021-12-01T14:44:00Z,2021-12-01T14:49:00Z
4,O+,2021-12-02T04:28:00Z,2021-12-02T04:36:00Z
4,O+,2021-12-04T13:24:00Z,2021-12-04T13:32:00Z
4,O+,2022-03-06T06:12:00Z,2022-03-06T06:19:00Z
4,O+,2022-03-28T23:01:00Z,2022-03-28T23:06:00Z
4,O+,2022-03-31T00:32:00Z,2022-03-31T00:38:00Z
4,O+,2022-04-10T08:14:00Z,2022-04-10T08:24:00Z
4,O+,2022-04-10T08:24:00Z,2022-04-10T08:29:00Z
4,O+,2022-04-10T08:30:00Z,2022-04-10T08:40:00Z
4,O+,2022-04-10T08:49:00Z,2022-04-10T08:54:00Z
4,O+,2022-04-22T17:30:00Z,2022-04-22T17:37:00Z
4,O+,2022-04-22T17:52:00Z,2022-04-22T17:57:00Z
4,O+,2022-05-20T11:05:00Z,2022-05-20T11:12:00Z
4,O+,2022-05-21T08:07:00Z,2022-05-21T08:13:00Z
4,O+,2022-05-21T08:16:00Z,2022-05-21T08:26:00Z
4,O+,2022-05-21T08:47:00Z,2022-05-21T08:52:00Z
4,O+,2022-05-25T04:24:00Z,2022-05-25T04:32:00Z
4,O+,2022-05-27T12:51:00Z,2022-05-27T13:01:00Z
4,O+,2022-05-29T00:22:00Z,2022-05-29T00:27:00Z
4,O+,2022-05-29T14:16:00Z,2022-05-29T14:23:00Z
4,O+,2022-05-29T14:24:00Z,2022-05-29T14:30:00Z
4,O+,2022-05-31T01:48:00Z,2022-05-31T01:55:00Z
4,O+,2022-05-31T01:57:00Z,2022-05-31T02:06:00Z
4,O+,2022-05-31T08:49:00Z,2022-05-31T08:59:00Z
4,O+,2022-05-31T09:04:00Z,2022-05-31T09:14:00Z
4,O+,2022-05-31T09:20:00Z,2022-05-31T09:29:00Z
4,O+,2022-05-31T09:29:00Z,2022-05-31T09:39:00Z
4,O+,2022-05-31T22:54:00Z,2022-05-31T23:00:00Z
4,O+,2022-05-31T23:01:00Z,2022-05-31T23:10:00Z
4,O+,2022-06-11T20:55:00Z,2022-06-11T21:00:00Z
4,O+,2022-06-12T04:24:00Z,2022-06-12T04:31:00Z
4,O+,2022-06-26T07:45:00Z,2022-06-26T07:54:00Z
4,O+,2022-06-26T07:55:00Z,2022-06-26T08:00:00Z
4,O+,2022-07-01T15:07:00Z,2022-07-01T15:12:00Z
4,O+,2022-07-01T22:10:00Z,2022-07-01T22:16:00Z
4,O+,2022-07-16T16:21:00Z,2022-07-16T16:27:00Z
4,O+,2022-08-05T03:13:00Z,2022-08-05T03:18:00Z
4,O+,2022-08-11T15:33:00Z,2022-08-11T15:39:00Z
4,O+,2022-08-17T20:14:00Z,2022-08-17T20:19:00Z
4,O+,2022-08-24T21:27:00Z,2022-08-24T21:32:00Z
4,O+,2022-08-25T11:51:00Z,2022-08-25T11:56:00Z
4,O+,2022-08-25T12:03:00Z,2022-08-25T12:09:00Z
4,O+,2022-08-31T09:07:00Z,2022-08-31T09:12:00Z
4,O+,2022-09-13T09:12:00Z,2022-09-13T09:18:00Z
4,O+,2022-09-17T12:04:00Z,2022-09-17T12:09:00Z
4,O+,2022-09-20T17:21:00Z,2022-09-20T17:26:00Z
4,O+,2022-09-23T23:51:00Z,2022-09-23T23:57:00Z
4,O+,2022-09-29T00:05:00Z,2022-09-29T00:10:00Z
4,O+,2022-10-27T00:02:00Z,2022-10-27T00:07:00Z
4,O+,2023-06-30T19:53:00Z,2023-06-30T19:59:00Z
4,O+,2023-06-30T20:00:00Z,2023-06-30T20:10:00Z
4,O+,2023-06-30T20:10:00Z,2023-06-30T20:20:00Z
4,O+,2023-06-30T20:20:00Z,2023-06-30T20:30:00Z
4,O+,2023-06-30T20:34:00Z,2023-06-30T20:44:00Z
4,O+,2023-07-01T03:08:00Z,2023-07-01T03:18:00Z
4,O+,2023-07-01T03:19:00Z,2023-07-01T03:28:00Z
4,O+,2023-07-01T03:28:00Z,2023-07-01T03:38:00Z
4,O+,2023-07-01T03:38:00Z,2023-07-01T03:44:00Z
4,O+,2023-07-01T03:47:00Z,2023-07-01T03:57:00Z
4,O+,2023-07-02T07:22:00Z,2023-07-02T07:28:00Z
4,O+,2023-07-02T07:28:00Z,2023-07-02T07:38:00Z
4,O+,2023-07-02T07:38:00Z,2023-07-02T07:45:00Z
4,O+,2023-07-02T07:54:00Z,2023-07-02T08:00:00Z
4,O+,2023-07-02T14:49:00Z,2023-07-02T14:59:00Z
4,O+,2023-07-02T14:59:00Z,2023-07-02T15:09:00Z
4,O+,2023-07-02T15:14:00Z,2023-07-02T15:20:00Z
4,O+,2023-07-02T21:32:00Z,2023-07-02T21:38:00Z
4,O+,2023-07-03T04:37:00Z,2023-07-03T04:42:00Z
4,O+,2023-07-03T04:42:00Z,2023-07-03T04:52:00Z
4,O+,2023-07-03T19:17:00Z,2023-07-03T19:27:00Z
4,O+,2023-07-03T19:30:00Z,2023-07-03T19:40:00Z
4,O+,2023-07-04T01:47:00Z,2023-07-04T01:57:00Z
4,O+,2023-07-04T01:57:00Z,2023-07-04T02:07:00Z
4,O+,2023-07-04T02:10:00Z,2023-07-04T02:15:00Z
4,O+,2023-07-04T02:19:00Z,2023-07-04T02:24:00Z
4,O+,2023-07-04T02:27:00Z,2023-07-04T02:34:00Z
4,O+,2023-07-04T02:37:00Z,2023-07-04T02:43:00Z
4,O+,2023-07-04T08:56:00Z,2023-07-04T09:04:00Z
4,O+,2023-07-04T09:11:00Z,2023-07-04T09:16:00Z
4,O+,2023-07-04T09:17:00Z,2023-07-04T09:22:00Z
4,O+,2023-07-04T09:29:00Z,2023-07-04T09:39:00Z
4,O+,2023-07-04T16:13:00Z,2023-07-04T16:22:00Z
4,O+,2023-07-04T16:28:00Z,2023-07-04T16:38:00Z
4,O+,2023-07-04T23:53:00Z,2023-07-04T23:58:00Z
4,O+,2023-07-05T06:09:00Z,2023-07-05T06:19:00Z
4,O+,2023-07-05T06:26:00Z,2023-07-05T06:36:00Z
4,O+,2023-07-05T06:38:00Z,2023-07-05T06:43:00Z
4,O+,2023-07-05T06:54:00Z,2023-07-05T07:02:00Z
4,O+,2023-07-05T21:00:00Z,2023-07-05T21:05:00Z
4,O+,2023-07-06T17:28:00Z,2023-07-06T17:38:00Z
4,O+,2023-07-06T17:38:00Z,2023-07-06T17:43:00Z
4,O+,2023-07-06T17:44:00Z,2023-07-06T17:51:00Z
4,O+,2023-07-06T17:51:00Z,2023-07-06T18:01:00Z
4,O+,2023-07-07T00:32:00Z,2023-07-07T00:38:00Z
4,O+,2023-07-07T00:39:00Z,2023-07-07T00:47:00Z
4,O+,2023-07-07T00:48:00Z,2023-07-07T00:58:00Z
4,O+,2023-07-07T01:08:00Z,2023-07-07T01:17:00Z
4,O+,2023-07-07T01:18:00Z,2023-07-07T01:27:00Z
4,O+,2023-07-07T14:41:00Z,2023-07-07T14:51:00Z
4,O+,2023-07-07T14:51:00Z,2023-07-07T14:56:00Z
4,O+,2023-07-07T15:04:00Z,2023-07-07T15:10:00Z
4,O+,2023-07-07T15:33:00Z,2023-07-07T15:39:00Z
4,O+,2023-07-07T22:14:00Z,2023-07-07T22:19:00Z
4,O+,2023-07-08T11:59:00Z,2023-07-08T12:05:00Z
4,O+,2023-07-08T19:27:00Z,2023-07-08T19:37:00Z
4,O+,2023-07-09T23:30:00Z,2023-07-09T23:40:00Z
4,O+,2023-07-09T23:43:00Z,2023-07-09T23:50:00Z
4,O+,2023-07-09T23:52:00Z,2023-07-09T23:57:00Z
4,O+,2023-07-10T13:31:00Z,2023-07-10T13:38:00Z
4,O+,2023-07-10T13:45:00Z,2023-07-10T13:54:00Z
4,O+,2023-07-10T13:55:00Z,2023-07-10T14:00:00Z
4,O+,2023-07-10T14:14:00Z,2023-07-10T14:24:00Z
4,O+,2023-07-10T21:07:00Z,2023-07-10T21:13:00Z
4,O+,2023-07-10T21:25:00Z,2023-07-10T21:32:00Z
4,O+,2023-07-11T04:28:00Z,2023-07-11T04:33:00Z
4,O+,2023-07-11T10:50:00Z,2023-07-11T10:57:00Z
4,O+,2023-07-11T11:31:00Z,2023-07-11T11:41:00Z
4,O+,2023-07-11T18:03:00Z,2023-07-11T18:09:00Z
4,O+,2023-07-12T01:09:00Z,2023-07-12T01:14:00Z
4,O+,2023-07-12T01:36:00Z,2023-07-12T01:43:00Z
4,O+,2023-07-12T01:44:00Z,2023-07-12T01:49:00Z
4,O+,2023-07-12T08:43:00Z,2023-07-12T08:51:00Z
4,O+,2023-07-12T22:08:00Z,2023-07-12T22:14:00Z
4,O+,2023-07-13T12:18:00Z,2023-07-13T12:23:00Z
4,O+,2023-07-13T12:30:00Z,2023-07-13T12:35:00Z
4,O+,2023-07-13T12:39:00Z,2023-07-13T12:46:00Z
4,O+,2023-07-13T12:58:00Z,2023-07-13T13:08:00Z
4,O+,2023-07-13T19:40:00Z,2023-07-13T19:50:00Z
4,O+,2023-07-13T19:50:00Z,2023-07-13T19:55:00Z
4,O+,2023-07-14T02:39:00Z,2023-07-14T02:49:00Z
4,O+,2023-07-14T03:05:00Z,2023-07-14T03:13:00Z
4,O+,2023-07-14T03:14:00Z,2023-07-14T03:21:00Z
4,O+,2023-07-14T09:31:00Z,2023-07-14T09:37:00Z
4,O+,2023-07-14T09:37:00Z,2023-07-14T09:47:00Z
4,O+,2023-07-14T09:47:00Z,2023-07-14T09:57:00Z
4,O+,2023-07-14T09:57:00Z,2023-07-14T10:03:00Z
4,O+,2023-07-14T10:06:00Z,2023-07-14T10:16:00Z
4,O+,2023-07-14T10:16:00Z,2023-07-14T10:25:00Z
4,O+,2023-07-14T16:44:00Z,2023-07-14T16:52:00Z
4,O+,2023-07-14T16:53:00Z,2023-07-14T16:59:00Z
4,O+,2023-07-14T17:05:00Z,2023-07-14T17:12:00Z
4,O+,2023-07-14T17:15:00Z,2023-07-14T17:20:00Z
4,O+,2023-07-14T17:25:00Z,2023-07-14T17:31:00Z
4,O+,2023-07-14T23:40:00Z,2023-07-14T23:46:00Z
4,O+,2023-07-14T23:46:00Z,2023-07-14T23:56:00Z
4,O+,2023-07-15T00:02:00Z,2023-07-15T00:08:00Z
4,O+,2023-07-15T00:29:00Z,2023-07-15T00:35:00Z
4,O+,2023-07-15T14:02:00Z,2023-07-15T14:07:00Z
4,O+,2023-07-15T14:12:00Z,2023-07-15T14:17:00Z
4,O+,2023-07-15T14:18:00Z,2023-07-15T14:27:00Z
4,O+,2023-07-15T21:38:00Z,2023-07-15T21:43:00Z
4,O+,2023-07-15T21:44:00Z,2023-07-15T21:49:00Z
4,O+,2023-07-16T11:23:00Z,2023-07-16T11:33:00Z
4,O+,2023-07-16T11:33:00Z,2023-07-16T11:38:00Z
4,O+,2023-07-17T01:16:00Z,2023-07-17T01:26:00Z
4,O+,2023-07-17T01:42:00Z,2023-07-17T01:52:00Z
4,O+,2023-07-17T01:52:00Z,2023-07-17T02:02:00Z
4,O+,2023-07-17T09:08:00Z,2023-07-17T09:15:00Z
4,O+,2023-07-18T05:50:00Z,2023-07-18T05:55:00Z
4,O+,2023-07-18T06:17:00Z,2023-07-18T06:23:00Z
4,O+,2023-07-20T00:37:00Z,2023-07-20T00:43:00Z
4,O+,2023-07-20T00:56:00Z,2023-07-20T01:01:00Z
4,O+,2023-07-20T21:22:00Z,2023-07-20T21:27:00Z
4,O+,2023-07-20T21:35:00Z,2023-07-20T21:45:00Z
4,O+,2023-07-21T04:22:00Z,2023-07-21T04:32:00Z
4,O+,2023-07-21T04:35:00Z,2023-07-21T04:45:00Z
4,O+,2023-07-21T04:46:00Z,2023-07-21T04:51:00Z
4,O+,2023-07-21T04:52:00Z,2023-07-21T05:00:00Z
4,O+,2023-07-21T05:06:00Z,2023-07-21T05:11:00Z
4,O+,2023-07-21T05:12:00Z,2023-07-21T05:19:00Z
4,O+,2023-07-21T11:38:00Z,2023-07-21T11:47:00Z
4,O+,2023-07-21T11:48:00Z,2023-07-21T11:55:00Z
4,O+,2023-07-21T11:58:00Z,2023-07-21T12:05:00Z
4,O+,2023-07-21T12:06:00Z,2023-07-21T12:14:00Z
4,O+,2023-07-21T18:32:00Z,2023-07-21T18:39:00Z
4,O+,2023-07-21T18:55:00Z,2023-07-21T19:04:00Z
4,O+,2023-07-22T02:17:00Z,2023-07-22T02:22:00Z
4,O+,2023-07-22T08:52:00Z,2023-07-22T09:00:00Z
4,O+,2023-07-22T09:18:00Z,2023-07-22T09:28:00Z
4,O+,2023-07-22T09:32:00Z,2023-07-22T09:40:00Z
4,O+,2023-07-23T06:05:00Z,2023-07-23T06:10:00Z
4,O+,2023-07-23T13:07:00Z,2023-07-23T13:12:00Z
4,O+,2023-07-23T20:05:00Z,2023-07-23T20:13:00Z
4,O+,2023-07-23T20:18:00Z,2023-07-23T20:28:00Z
4,O+,2023-07-24T03:11:00Z,2023-07-24T03:21:00Z
4,O+,2023-07-25T08:20:00Z,2023-07-25T08:25:00Z
4,O+,2023-07-25T21:41:00Z,2023-07-25T21:51:00Z
4,O+,2023-07-25T22:00:00Z,2023-07-25T22:05:00Z
4,O+,2023-07-26T04:44:00Z,2023-07-26T04:53:00Z
4,O+,2023-07-26T04:53:00Z,2023-07-26T05:03:00Z
4,O+,2023-07-26T05:30:00Z,2023-07-26T05:40:00Z
4,O+,2023-07-26T18:55:00Z,2023-07-26T19:02:00Z
4,O+,2023-07-26T19:02:00Z,2023-07-26T19:12:00Z
4,O+,2023-07-26T19:13:00Z,2023-07-26T19:23:00Z
4,O+,2023-07-26T19:37:00Z,2023-07-26T19:43:00Z
4,O+,2023-07-26T19:46:00Z,2023-07-26T19:52:00Z
4,O+,2023-07-27T02:43:00Z,2023-07-27T02:48:00Z
4,O+,2023-07-27T09:02:00Z,2023-07-27T09:12:00Z
4,O+,2023-07-27T09:12:00Z,2023-07-27T09:22:00Z
4,O+,2023-07-27T16:13:00Z,2023-07-27T16:20:00Z
4,O+,2023-07-27T16:20:00Z,2023-07-27T16:30:00Z
4,O+,2023-07-27T16:36:00Z,2023-07-27T16:46:00Z
4,O+,2023-07-27T23:20:00Z,2023-07-27T23:26:00Z
4,O+,2023-07-27T23:30:00Z,2023-07-27T23:40:00Z
4,O+,2023-07-27T23:47:00Z,2023-07-27T23:57:00Z
4,O+,2023-07-28T00:01:00Z,2023-07-28T00:06:00Z
4,O+,2023-07-28T06:38:00Z,2023-07-28T06:48:00Z
4,O+,2023-07-28T06:52:00Z,2023-07-28T07:02:00Z
4,O+,2023-07-28T07:02:00Z,2023-07-28T07:12:00Z
4,O+,2023-07-28T13:57:00Z,2023-07-28T14:02:00Z
4,O+,2023-07-29T03:32:00Z,2023-07-29T03:38:00Z
4,O+,2023-07-29T03:41:00Z,2023-07-29T03:46:00Z
4,O+,2023-07-29T03:47:00Z,2023-07-29T03:57:00Z
4,O+,2023-07-29T03:57:00Z,2023-07-29T04:07:00Z
4,O+,2023-07-29T04:19:00Z,2023-07-29T04:24:00Z
4,O+,2023-07-30T01:08:00Z,2023-07-30T01:13:00Z
4,O+,2023-07-30T07:50:00Z,2023-07-30T07:57:00Z
4,O+,2023-07-30T08:38:00Z,2023-07-30T08:48:00Z
4,O+,2023-07-30T15:12:00Z,2023-07-30T15:19:00Z
4,O+,2023-07-30T15:19:00Z,2023-07-30T15:29:00Z
4,O+,2023-07-30T15:35:00Z,2023-07-30T15:41:00Z
4,O+,2023-07-30T15:42:00Z,2023-07-30T15:49:00Z
4,O+,2023-07-30T22:04:00Z,2023-07-30T22:10:00Z
4,O+,2023-07-31T13:01:00Z,2023-07-31T13:07:00Z
4,O+,2023-08-01T02:29:00Z,2023-08-01T02:39:00Z
4,O+,2023-08-01T02:46:00Z,2023-08-01T02:56:00Z
4,O+,2023-08-01T03:09:00Z,2023-08-01T03:17:00Z
4,O+,2023-08-01T23:47:00Z,2023-08-01T23:57:00Z
4,O+,2023-08-01T23:57:00Z,2023-08-02T00:05:00Z
4,O+,2023-08-02T07:19:00Z,2023-08-02T07:27:00Z
4,O+,2023-08-02T21:14:00Z,2023-08-02T21:20:00Z
4,O+,2023-08-02T21:28:00Z,2023-08-02T21:34:00Z
4,O+,2023-08-04T08:21:00Z,2023-08-04T08:27:00Z
4,O+,2023-08-04T15:37:00Z,2023-08-04T15:45:00Z
4,O+,2023-08-04T15:52:00Z,2023-08-04T16:02:00Z
4,O+,2023-08-04T16:02:00Z,2023-08-04T16:08:00Z
4,O+,2023-08-05T12:40:00Z,2023-08-05T12:50:00Z
4,O+,2023-08-05T19:39:00Z,2023-08-05T19:48:00Z
4,O+,2023-08-06T10:33:00Z,2023-08-06T10:43:00Z
4,O+,2023-08-06T17:09:00Z,2023-08-06T17:19:00Z
4,O+,2023-08-06T17:27:00Z,2023-08-06T17:37:00Z
4,O+,2023-08-06T17:37:00Z,2023-08-06T17:47:00Z
4,O+,2023-08-06T23:56:00Z,2023-08-07T00:06:00Z
4,O+,2023-08-07T00:16:00Z,2023-08-07T00:24:00Z
4,O+,2023-08-07T00:31:00Z,2023-08-07T00:39:00Z
4,O+,2023-08-07T00:43:00Z,2023-08-07T00:51:00Z
4,O+,2023-08-07T07:02:00Z,2023-08-07T07:08:00Z
4,O+,2023-08-07T07:10:00Z,2023-08-07T07:16:00Z
4,O+,2023-08-07T14:03:00Z,2023-08-07T14:10:00Z
4,O+,2023-08-07T14:12:00Z,2023-08-07T14:22:00Z
4,O+,2023-08-07T14:22:00Z,2023-08-07T14:29:00Z
4,O+,2023-08-07T14:29:00Z,2023-08-07T14:39:00Z
4,O+,2023-08-07T14:57:00Z,2023-08-07T15:03:00Z
4,O+,2023-08-07T21:14:00Z,2023-08-07T21:21:00Z
4,O+,2023-08-07T21:23:00Z,2023-08-07T21:33:00Z
4,O+,2023-08-07T21:34:00Z,2023-08-07T21:44:00Z
4,O+,2023-08-07T21:46:00Z,2023-08-07T21:54:00Z
4,O+,2023-08-07T22:01:00Z,2023-08-07T22:07:00Z
4,O+,2023-08-08T18:23:00Z,2023-08-08T18:33:00Z
4,O+,2023-08-08T18:38:00Z,2023-08-08T18:48:00Z
4,O+,2023-08-08T19:14:00Z,2023-08-08T19:21:00Z
4,O+,2023-08-09T01:50:00Z,2023-08-09T02:00:00Z
4,O+,2023-08-09T02:00:00Z,2023-08-09T02:08:00Z
4,O+,2023-08-09T02:09:00Z,2023-08-09T02:19:00Z
4,O+,2023-08-09T22:47:00Z,2023-08-09T22:53:00Z
4,O+,2023-08-09T23:33:00Z,2023-08-09T23:38:00Z
4,O+,2023-08-10T06:10:00Z,2023-08-10T06:17:00Z
4,O+,2023-08-10T06:22:00Z,2023-08-10T06:32:00Z
4,O+,2023-08-10T13:42:00Z,2023-08-10T13:47:00Z
4,O+,2023-08-10T20:04:00Z,2023-08-10T20:09:00Z
4,O+,2023-08-10T20:16:00Z,2023-08-10T20:21:00Z
4,O+,2023-08-10T20:29:00Z,2023-08-10T20:37:00Z
4,O+,2023-08-11T17:21:00Z,2023-08-11T17:28:00Z
4,O+,2023-08-11T17:29:00Z,2023-08-11T17:36:00Z
4,O+,2023-08-12T00:15:00Z,2023-08-12T00:20:00Z
4,O+,2023-08-12T00:22:00Z,2023-08-12T00:32:00Z
4,O+,2023-08-12T00:32:00Z,2023-08-12T00:40:00Z
4,O+,2023-08-12T07:21:00Z,2023-08-12T07:26:00Z
4,O+,2023-08-12T07:31:00Z,2023-08-12T07:38:00Z
4,O+,2023-08-12T07:41:00Z,2023-08-12T07:46:00Z
4,O+,2023-08-12T07:53:00Z,2023-08-12T08:01:00Z
4,O+,2023-08-14T23:20:00Z,2023-08-14T23:29:00Z
4,O+,2023-08-14T23:48:00Z,2023-08-14T23:54:00Z
4,O+,2023-08-15T20:19:00Z,2023-08-15T20:29:00Z
4,O+,2023-08-16T03:25:00Z,2023-08-16T03:35:00Z
4,O+,2023-08-16T04:04:00Z,2023-08-16T04:10:00Z
4,O+,2023-08-16T04:11:00Z,2023-08-16T04:19:00Z
4,O+,2023-08-16T17:34:00Z,2023-08-16T17:44:00Z
4,O+,2023-08-16T17:44:00Z,2023-08-16T17:54:00Z
4,O+,2023-08-16T17:59:00Z,2023-08-16T18:06:00Z
4,O+,2023-08-16T18:07:00Z,2023-08-16T18:13:00Z
4,O+,2023-08-17T00:48:00Z,2023-08-17T00:53:00Z
4,O+,2023-08-17T00:57:00Z,2023-08-17T01:02:00Z
4,O+,2023-08-17T07:49:00Z,2023-08-17T07:59:00Z
4,O+,2023-08-17T08:28:00Z,2023-08-17T08:34:00Z
4,O+,2023-08-17T14:50:00Z,2023-08-17T15:00:00Z
4,O+,2023-08-17T15:00:00Z,2023-08-17T15:10:00Z
4,O+,2023-08-17T15:10:00Z,2023-08-17T15:15:00Z
4,O+,2023-08-17T15:16:00Z,2023-08-17T15:24:00Z
4,O+,2023-08-17T15:37:00Z,2023-08-17T15:45:00Z
4,O+,2023-08-17T21:52:00Z,2023-08-17T22:02:00Z
4,O+,2023-08-17T22:02:00Z,2023-08-17T22:08:00Z
4,O+,2023-08-17T22:08:00Z,2023-08-17T22:18:00Z
4,O+,2023-08-17T22:19:00Z,2023-08-17T22:24:00Z
4,O+,2023-08-17T22:25:00Z,2023-08-17T22:33:00Z
4,O+,2023-08-17T22:38:00Z,2023-08-17T22:44:00Z
4,O+,2023-08-18T12:09:00Z,2023-08-18T12:19:00Z
4,O+,2023-08-18T12:24:00Z,2023-08-18T12:29:00Z
4,O+,2023-08-18T12:33:00Z,2023-08-18T12:40:00Z
4,O+,2023-08-18T12:41:00Z,2023-08-18T12:48:00Z
4,O+,2023-08-18T12:54:00Z,2023-08-18T12:59:00Z
4,O+,2023-08-18T19:06:00Z,2023-08-18T19:16:00Z
4,O+,2023-08-18T19:19:00Z,2023-08-18T19:29:00Z
4,O+,2023-08-18T19:33:00Z,2023-08-18T19:38:00Z
4,O+,2023-08-18T19:46:00Z,2023-08-18T19:51:00Z
4,O+,2023-08-18T19:52:00Z,2023-08-18T20:02:00Z
4,O+,2023-08-19T09:22:00Z,2023-08-19T09:29:00Z
4,O+,2023-08-19T09:30:00Z,2023-08-19T09:38:00Z
4,O+,2023-08-19T09:42:00Z,2023-08-19T09:50:00Z
4,O+,2023-08-19T10:04:00Z,2023-08-19T10:13:00Z
4,O+,2023-08-19T16:58:00Z,2023-08-19T17:06:00Z
4,O+,2023-08-19T17:09:00Z,2023-08-19T17:17:00Z
4,O+,2023-08-23T12:26:00Z,2023-08-23T12:36:00Z
4,O+,2023-08-23T12:38:00Z,2023-08-23T12:47:00Z
4,O+,2023-08-23T12:55:00Z,2023-08-23T13:00:00Z
4,O+,2023-08-23T19:25:00Z,2023-08-23T19:34:00Z
4,O+,2023-08-23T19:37:00Z,2023-08-23T19:43:00Z
4,O+,2023-08-23T19:44:00Z,2023-08-23T19:50:00Z
4,O+,2023-08-24T10:00:00Z,2023-08-24T10:06:00Z
4,O+,2023-08-24T10:07:00Z,2023-08-24T10:17:00Z
4,O+,2023-08-24T10:17:00Z,2023-08-24T10:22:00Z
4,O+,2023-08-24T23:44:00Z,2023-08-24T23:51:00Z
4,O+,2023-08-24T23:52:00Z,2023-08-24T23:59:00Z
4,O+,2023-08-24T23:59:00Z,2023-08-25T00:09:00Z
4,O+,2023-08-25T00:27:00Z,2023-08-25T00:36:00Z
4,O+,2023-08-25T00:37:00Z,2023-08-25T00:43:00Z
4,O+,2023-08-25T06:51:00Z,2023-08-25T06:57:00Z
4,O+,2023-08-25T06:59:00Z,2023-08-25T07:04:00Z
4,O+,2023-08-25T07:05:00Z,2023-08-25T07:11:00Z
4,O+,2023-08-25T07:22:00Z,2023-08-25T07:32:00Z
4,O+,2023-08-25T14:03:00Z,2023-08-25T14:11:00Z
4,O+,2023-08-25T14:21:00Z,2023-08-25T14:31:00Z
4,O+,2023-08-25T14:44:00Z,2023-08-25T14:49:00Z
4,O+,2023-08-26T04:05:00Z,2023-08-26T04:10:00Z
4,O+,2023-08-26T04:31:00Z,2023-08-26T04:39:00Z
4,O+,2023-08-26T11:12:00Z,2023-08-26T11:22:00Z
4,O+,2023-08-26T11:24:00Z,2023-08-26T11:31:00Z
4,O+,2023-08-26T11:31:00Z,2023-08-26T11:41:00Z
4,O+,2023-08-26T11:42:00Z,2023-08-26T11:49:00Z
4,O+,2023-08-26T11:54:00Z,2023-08-26T11:59:00Z
4,O+,2023-08-26T12:02:00Z,2023-08-26T12:09:00Z
4,O+,2023-08-26T18:19:00Z,2023-08-26T18:29:00Z
4,O+,2023-08-26T18:56:00Z,2023-08-26T19:02:00Z
4,O+,2023-08-27T08:27:00Z,2023-08-27T08:35:00Z
4,O+,2023-08-27T08:44:00Z,2023-08-27T08:54:00Z
4,O+,2023-08-27T15:33:00Z,2023-08-27T15:40:00Z
4,O+,2023-08-27T15:41:00Z,2023-08-27T15:49:00Z
4,O+,2023-08-27T15:56:00Z,2023-08-27T16:03:00Z
4,O+,2023-08-27T16:04:00Z,2023-08-27T16:11:00Z
4,O+,2023-08-27T16:12:00Z,2023-08-27T16:18:00Z
4,O+,2023-08-28T12:45:00Z,2023-08-28T12:50:00Z
4,O+,2023-08-28T19:51:00Z,2023-08-28T19:56:00Z
4,O+,2023-08-28T20:06:00Z,2023-08-28T20:11:00Z
4,O+,2023-08-28T20:13:00Z,2023-08-28T20:23:00Z
4,O+,2023-08-29T02:54:00Z,2023-08-29T03:04:00Z
4,O+,2023-08-29T03:04:00Z,2023-08-29T03:10:00Z
4,O+,2023-08-29T03:11:00Z,2023-08-29T03:19:00Z
4,O+,2023-08-29T03:20:00Z,2023-08-29T03:25:00Z
4,O+,2023-08-29T03:28:00Z,2023-08-29T03:38:00Z
4,O+,2023-08-29T03:39:00Z,2023-08-29T03:48:00Z
4,O+,2023-08-29T10:12:00Z,2023-08-29T10:17:00Z
4,O+,2023-08-29T10:33:00Z,2023-08-29T10:43:00Z
4,O+,2023-08-31T11:37:00Z,2023-08-31T11:47:00Z
4,O+,2023-08-31T11:49:00Z,2023-08-31T11:56:00Z
4,O+,2023-08-31T11:58:00Z,2023-08-31T12:04:00Z
4,O+,2023-08-31T12:20:00Z,2023-08-31T12:29:00Z
4,O+,2023-08-31T18:35:00Z,2023-08-31T18:45:00Z
4,O+,2023-08-31T18:48:00Z,2023-08-31T18:55:00Z
4,O+,2023-08-31T18:56:00Z,2023-08-31T19:05:00Z
4,O+,2023-08-31T19:05:00Z,2023-08-31T19:15:00Z
4,O+,2023-08-31T19:20:00Z,2023-08-31T19:28:00Z
4,O+,2023-09-01T08:44:00Z,2023-09-01T08:50:00Z
4,O+,2023-09-01T09:01:00Z,2023-09-01T09:07:00Z
4,O+,2023-09-01T09:25:00Z,2023-09-01T09:30:00Z
4,O+,2023-09-02T13:43:00Z,2023-09-02T13:49:00Z
4,O+,2023-09-02T20:42:00Z,2023-09-02T20:49:00Z
4,O+,2023-09-03T10:52:00Z,2023-09-03T11:01:00Z
4,O+,2023-09-04T00:59:00Z,2023-09-04T01:04:00Z
4,O+,2023-09-04T01:05:00Z,2023-09-04T01:15:00Z
4,O+,2023-09-04T01:15:00Z,2023-09-04T01:20:00Z
4,O+,2023-09-04T08:26:00Z,2023-09-04T08:32:00Z
4,O+,2023-09-07T20:47:00Z,2023-09-07T20:54:00Z
4,O+,2023-09-07T21:08:00Z,2023-09-07T21:13:00Z
4,O+,2023-09-08T10:55:00Z,2023-09-08T11:02:00Z
4,O+,2023-09-08T17:46:00Z,2023-09-08T17:56:00Z
4,O+,2023-09-09T01:30:00Z,2023-09-09T01:36:00Z
4,O+,2023-09-09T08:00:00Z,2023-09-09T08:08:00Z
4,O+,2023-09-09T08:08:00Z,2023-09-09T08:18:00Z
4,O+,2023-09-09T08:32:00Z,2023-09-09T08:42:00Z
4,O+,2023-09-09T22:12:00Z,2023-09-09T22:22:00Z
4,O+,2023-09-11T02:48:00Z,2023-09-11T02:57:00Z
4,O+,2023-09-11T09:33:00Z,2023-09-11T09:39:00Z
4,O+,2023-09-11T10:20:00Z,2023-09-11T10:26:00Z
4,O+,2023-09-11T16:32:00Z,2023-09-11T16:42:00Z
4,O+,2023-09-11T16:44:00Z,2023-09-11T16:54:00Z
4,O+,2023-09-12T07:02:00Z,2023-09-12T07:12:00Z
4,O+,2023-09-12T07:13:00Z,2023-09-12T07:21:00Z
4,O+,2023-09-12T21:39:00Z,2023-09-12T21:46:00Z
4,O+,2023-09-13T18:06:00Z,2023-09-13T18:13:00Z
4,O+,2023-09-14T01:35:00Z,2023-09-14T01:42:00Z
4,O+,2023-09-14T22:24:00Z,2023-09-14T22:34:00Z
4,O+,2023-09-14T22:37:00Z,2023-09-14T22:47:00Z
4,O+,2023-09-14T22:53:00Z,2023-09-14T23:02:00Z
4,O+,2023-09-14T23:03:00Z,2023-09-14T23:13:00Z
4,O+,2023-09-14T23:13:00Z,2023-09-14T23:23:00Z
4,O+,2023-09-17T07:36:00Z,2023-09-17T07:42:00Z
4,O+,2023-09-19T01:47:00Z,2023-09-19T01:57:00Z
4,O+,2023-09-19T02:07:00Z,2023-09-19T02:13:00Z
4,O+,2023-09-19T08:37:00Z,2023-09-19T08:46:00Z
4,O+,2023-09-19T08:48:00Z,2023-09-19T08:55:00Z
4,O+,2023-09-19T08:56:00Z,2023-09-19T09:06:00Z
4,O+,2023-09-19T09:06:00Z,2023-09-19T09:11:00Z
4,O+,2023-09-20T13:43:00Z,2023-09-20T13:49:00Z
4,O+,2023-09-22T14:55:00Z,2023-09-22T15:05:00Z
4,O+,2023-09-23T12:36:00Z,2023-09-23T12:42:00Z
4,O+,2023-09-23T18:52:00Z,2023-09-23T18:57:00Z
4,O+,2023-09-23T19:17:00Z,2023-09-23T19:23:00Z
4,O+,2023-09-23T19:36:00Z,2023-09-23T19:43:00Z
4,O+,2023-09-24T01:53:00Z,2023-09-24T01:59:00Z
4,O+,2023-09-24T02:13:00Z,2023-09-24T02:19:00Z
4,O+,2023-09-24T02:34:00Z,2023-09-24T02:44:00Z
4,O+,2023-09-24T09:18:00Z,2023-09-24T09:23:00Z
4,O+,2023-09-26T03:46:00Z,2023-09-26T03:56:00Z
4,O+,2023-09-26T04:08:00Z,2023-09-26T04:14:00Z
4,O+,2023-09-26T04:21:00Z,2023-09-26T04:26:00Z
4,O+,2023-09-28T19:20:00Z,2023-09-28T19:30:00Z
4,O+,2023-09-29T02:23:00Z,2023-09-29T02:31:00Z
4,O+,2023-09-29T02:43:00Z,2023-09-29T02:48:00Z
4,O+,2023-09-29T02:59:00Z,2023-09-29T03:04:00Z
4,O+,2023-10-01T03:48:00Z,2023-10-01T03:57:00Z
4,O+,2023-10-01T04:10:00Z,2023-10-01T04:20:00Z
4,O+,2023-10-02T15:53:00Z,2023-10-02T15:58:00Z
4,O+,2023-10-06T11:29:00Z,2023-10-06T11:34:00Z
4,O+,2023-10-10T14:42:00Z,2023-10-10T14:51:00Z
4,O+,2023-10-10T21:24:00Z,2023-10-10T21:34:00Z
4,O+,2023-10-10T21:51:00Z,2023-10-10T21:57:00Z
4,O+,2023-10-10T22:17:00Z,2023-10-10T22:23:00Z
4,O+,2023-10-12T15:55:00Z,2023-10-12T16:05:00Z
4,O+,2023-10-12T23:08:00Z,2023-10-12T23:14:00Z
4,O+,2023-10-13T20:38:00Z,2023-10-13T20:43:00Z
4,O+,2023-10-13T20:46:00Z,2023-10-13T20:52:00Z
4,O+,2023-10-14T03:55:00Z,2023-10-14T04:00:00Z
4,O+,2023-10-17T16:27:00Z,2023-10-17T16:34:00Z
4,O+,2023-10-17T16:37:00Z,2023-10-17T16:42:00Z
4,O+,2023-10-17T16:46:00Z,2023-10-17T16:54:00Z
4,O+,2023-10-17T23:21:00Z,2023-10-17T23:30:00Z
4,O+,2023-10-17T23:33:00Z,2023-10-17T23:42:00Z
4,O+,2023-10-18T13:48:00Z,2023-10-18T13:53:00Z
4,O+,2023-10-22T16:49:00Z,2023-10-22T16:54:00Z
4,O+,2023-10-22T23:52:00Z,2023-10-22T23:57:00Z
4,O+,2023-10-23T00:17:00Z,2023-10-23T00:27:00Z
4,O+,2023-10-24T11:08:00Z,2023-10-24T11:18:00Z
4,O+,2023-10-24T11:18:00Z,2023-10-24T11:25:00Z
4,O+,2023-10-24T11:29:00Z,2023-10-24T11:34:00Z
4,O+,2023-10-24T18:32:00Z,2023-10-24T18:37:00Z
4,O+,2023-10-25T01:39:00Z,2023-10-25T01:46:00Z
4,O+,2023-10-25T01:48:00Z,2023-10-25T01:53:00Z
4,O+,2023-10-25T02:08:00Z,2023-10-25T02:15:00Z
4,O+,2023-10-25T15:27:00Z,2023-10-25T15:32:00Z
4,O+,2023-10-26T06:23:00Z,2023-10-26T06:28:00Z
4,O+,2023-10-28T21:57:00Z,2023-10-28T22:02:00Z
4,O+,2023-10-30T01:36:00Z,2023-10-30T01:42:00Z
4,O+,2023-10-30T23:45:00Z,2023-10-30T23:50:00Z
4,O+,2023-10-31T20:19:00Z,2023-10-31T20:25:00Z
4,O+,2023-12-02T16:52:00Z,2023-12-02T16:57:00Z
4,O+,2023-12-02T17:15:00Z,2023-12-02T17:21:00Z
4,O+,2023-12-15T16:18:00Z,2023-12-15T16:23:00Z
4,O+,2023-12-20T16:49:00Z,2023-12-20T16:59:00Z
4,O+,2023-12-31T07:36:00Z,2023-12-31T07:41:00Z
4,O+,2024-01-07T23:43:00Z,2024-01-07T23:53:00Z
4,O+,2024-01-20T23:20:00Z,2024-01-20T23:27:00Z
4,O+,2024-01-28T08:26:00Z,2024-01-28T08:34:00Z
4,O+,2024-02-15T01:14:00Z,2024-02-15T01:20:00Z
4,O+,2024-02-15T01:31:00Z,2024-02-15T01:36:00Z
4,O+,2024-02-15T08:23:00Z,2024-02-15T08:28:00Z
4,O+,2024-02-25T15:58:00Z,2024-02-25T16:08:00Z
4,O+,2024-02-26T13:13:00Z,2024-02-26T13:19:00Z
4,O+,2024-03-10T20:12:00Z,2024-03-10T20:17:00Z
4,O+,2024-03-11T17:05:00Z,2024-03-11T17:14:00Z
4,O+,2024-03-12T00:34:00Z,2024-03-12T00:44:00Z
4,O+,2024-03-13T18:38:00Z,2024-03-13T18:48:00Z
4,O+,2024-03-28T05:48:00Z,2024-03-28T05:53:00Z
4,O+,2024-03-30T21:49:00Z,2024-03-30T21:54:00Z
4,O+,2024-04-07T06:38:00Z,2024-04-07T06:43:00Z
4,O+,2024-04-07T13:37:00Z,2024-04-07T13:42:00Z
4,O+,2024-04-09T22:08:00Z,2024-04-09T22:14:00Z
4,O+,2024-04-12T06:48:00Z,2024-04-12T06:58:00Z
4,O+,2024-04-20T06:01:00Z,2024-04-20T06:11:00Z
4,O+,2024-04-25T14:16:00Z,2024-04-25T14:21:00Z
4,O+,2024-04-28T05:13:00Z,2024-04-28T05:20:00Z
4,O+,2024-04-29T16:46:00Z,2024-04-29T16:51:00Z
4,O+,2024-05-07T09:26:00Z,2024-05-07T09:34:00Z
4,O+,2024-05-29T12:33:00Z,2024-05-29T12:42:00Z
4,O+,2024-06-06T11:40:00Z,2024-06-06T11:46:00Z
4,O+,2024-06-10T08:01:00Z,2024-06-10T08:11:00Z
4,O+,2024-07-10T23:54:00Z,2024-07-10T23:59:00Z
4,O+,2024-07-20T03:29:00Z,2024-07-20T03:34:00Z
4,O+,2024-07-20T03:43:00Z,2024-07-20T03:49:00Z
4,O+,2024-07-20T04:13:00Z,2024-07-20T04:18:00Z
4,O+,2024-07-21T15:35:00Z,2024-07-21T15:40:00Z
4,O+,2024-07-21T21:55:00Z,2024-07-21T22:02:00Z
4,O+,2024-07-22T19:51:00Z,2024-07-22T20:01:00Z
4,O+,2024-08-06T06:05:00Z,2024-08-06T06:13:00Z
4,O+,2024-08-06T13:28:00Z,2024-08-06T13:38:00Z
4,O+,2024-08-06T20:55:00Z,2024-08-06T21:04:00Z
4,O+,2024-08-08T00:37:00Z,2024-08-08T00:45:00Z
4,O+,2024-08-14T05:32:00Z,2024-08-14T05:42:00Z
4,O+,2024-08-18T01:46:00Z,2024-08-18T01:54:00Z
4,O+,2024-08-18T09:09:00Z,2024-08-18T09:15:00Z
4,O+,2024-09-02T02:38:00Z,2024-09-02T02:46:00Z
4,O+,2024-09-02T02:52:00Z,2024-09-02T02:58:00Z
4,O+,2024-09-05T23:33:00Z,2024-09-05T23:39:00Z
4,O+,2024-09-17T10:55:00Z,2024-09-17T11:01:00Z
4,O+,2024-10-19T22:01:00Z,2024-10-19T22:06:00Z
4,O+,2024-10-20T05:39:00Z,2024-10-20T05:48:00Z
4,O+,2024-11-02T12:38:00Z,2024-11-02T12:43:00Z
4,O+,2024-11-20T04:45:00Z,2024-11-20T04:55:00Z
4,O+,2024-11-20T18:59:00Z,2024-11-20T19:07:00Z
4,O+,2024-11-20T19:07:00Z,2024-11-20T19:17:00Z
4,O+,2024-11-20T19:17:00Z,2024-11-20T19:25:00Z
4,O+,2024-11-20T19:25:00Z,2024-11-20T19:35:00Z
4,O+,2024-11-21T23:24:00Z,2024-11-21T23:31:00Z
4,O+,2024-12-07T08:03:00Z,2024-12-07T08:13:00Z
4,O+,2024-12-07T08:13:00Z,2024-12-07T08:22:00Z
4,O+,2024-12-07T08:22:00Z,2024-12-07T08:32:00Z
4,O+,2024-12-07T14:42:00Z,2024-12-07T14:52:00Z
4,O+,2024-12-07T14:52:00Z,2024-12-07T15:02:00Z
4,O+,2024-12-07T15:03:00Z,2024-12-07T15:13:00Z
4,O+,2024-12-17T08:28:00Z,2024-12-17T08:38:00Z
4,O+,2024-12-17T08:39:00Z,2024-12-17T08:49:00Z
4,O+,2024-12-17T08:59:00Z,2024-12-17T09:09:00Z
4,O+,2024-12-17T09:09:00Z,2024-12-17T09:19:00Z
4,O+,2024-12-18T12:49:00Z,2024-12-18T12:59:00Z
4,O+,2024-12-18T13:03:00Z,2024-12-18T13:13:00Z
4,O+,2025-01-02T07:43:00Z,2025-01-02T07:53:00Z
4,O+,2025-01-29T14:05:00Z,2025-01-29T14:14:00Z
4,O+,2025-01-30T05:40:00Z,2025-01-30T05:50:00Z
4,O+,2025-02-04T18:09:00Z,2025-02-04T18:19:00Z
4,O+,2025-02-05T17:41:00Z,2025-02-05T17:48:00Z
4,O+,2025-02-08T00:17:00Z,2025-02-08T00:25:00Z
4,O+,2025-02-09T15:19:00Z,2025-02-09T15:29:00Z
4,O+,2025-02-09T15:39:00Z,2025-02-09T15:47:00Z
4,O+,2025-02-10T07:14:00Z,2025-02-10T07:23:00Z
4,O+,2025-02-10T15:10:00Z,2025-02-10T15:19:00Z
4,O+,2025-02-11T06:26:00Z,2025-02-11T06:36:00Z
4,O+,2025-02-20T09:09:00Z,2025-02-20T09:17:00Z
4,O+,2025-02-20T17:08:00Z,2025-02-20T17:16:00Z
4,O+,2025-02-21T00:47:00Z,2025-02-21T00:53:00Z
4,O+,2025-03-07T00:50:00Z,2025-03-07T00:57:00Z
4,O+,2025-03-07T16:22:00Z,2025-03-07T16:32:00Z
4,O+,2025-03-17T18:31:00Z,2025-03-17T18:37:00Z
4,O+,2025-03-31T18:29:00Z,2025-03-31T18:36:00Z
4,O2+,2021-11-26T20:57:00Z,2021-11-26T21:02:00Z
4,O2+,2021-11-28T22:44:00Z,2021-11-28T22:49:00Z
4,O2+,2021-11-29T20:17:00Z,2021-11-29T20:23:00Z
4,O2+,2021-12-04T13:24:00Z,2021-12-04T13:34:00Z
4,O2+,2022-03-06T06:12:00Z,2022-03-06T06:21:00Z
4,O2+,2022-03-07T18:11:00Z,2022-03-07T18:16:00Z
4,O2+,2022-03-23T22:44:00Z,2022-03-23T22:49:00Z
4,O2+,2022-03-24T19:56:00Z,2022-03-24T20:03:00Z
4,O2+,2022-03-24T20:25:00Z,2022-03-24T20:34:00Z
4,O2+,2022-03-28T22:58:00Z,2022-03-28T23:05:00Z
4,O2+,2022-03-28T23:08:00Z,2022-03-28T23:13:00Z
4,O2+,2022-03-29T06:29:00Z,2022-03-29T06:35:00Z
4,O2+,2022-03-31T00:35:00Z,2022-03-31T00:42:00Z
4,O2+,2022-03-31T21:51:00Z,2022-03-31T21:58:00Z
4,O2+,2022-04-04T03:33:00Z,2022-04-04T03:40:00Z
4,O2+,2022-04-04T03:55:00Z,2022-04-04T04:00:00Z
4,O2+,2022-04-06T05:08:00Z,2022-04-06T05:14:00Z
4,O2+,2022-04-10T08:16:00Z,2022-04-10T08:26:00Z
4,O2+,2022-04-10T08:40:00Z,2022-04-10T08:46:00Z
4,O2+,2022-04-10T08:54:00Z,2022-04-10T09:03:00Z
4,O2+,2022-04-12T09:46:00Z,2022-04-12T09:51:00Z
4,O2+,2022-04-18T14:45:00Z,2022-04-18T14:54:00Z
4,O2+,2022-04-22T17:29:00Z,2022-04-22T17:36:00Z
4,O2+,2022-04-22T17:49:00Z,2022-04-22T17:54:00Z
4,O2+,2022-04-23T15:18:00Z,2022-04-23T15:23:00Z
4,O2+,2022-04-29T19:25:00Z,2022-04-29T19:31:00Z
4,O2+,2022-04-30T23:41:00Z,2022-04-30T23:51:00Z
4,O2+,2022-05-20T03:59:00Z,2022-05-20T04:05:00Z
4,O2+,2022-05-20T10:53:00Z,2022-05-20T10:58:00Z
4,O2+,2022-05-20T11:01:00Z,2022-05-20T11:07:00Z
4,O2+,2022-05-20T11:08:00Z,2022-05-20T11:17:00Z
4,O2+,2022-05-20T11:20:00Z,2022-05-20T11:25:00Z
4,O2+,2022-05-21T08:10:00Z,2022-05-21T08:20:00Z
4,O2+,2022-05-21T08:23:00Z,2022-05-21T08:28:00Z
4,O2+,2022-05-21T08:38:00Z,2022-05-21T08:43:00Z
4,O2+,2022-05-21T08:44:00Z,2022-05-21T08:51:00Z
4,O2+,2022-05-23T09:37:00Z,2022-05-23T09:43:00Z
4,O2+,2022-05-24T06:52:00Z,2022-05-24T06:57:00Z
4,O2+,2022-05-25T04:30:00Z,2022-05-25T04:40:00Z
4,O2+,2022-05-26T01:32:00Z,2022-05-26T01:38:00Z
4,O2+,2022-05-26T01:41:00Z,2022-05-26T01:48:00Z
4,O2+,2022-05-27T12:48:00Z,2022-05-27T12:53:00Z
4,O2+,2022-05-27T12:54:00Z,2022-05-27T13:01:00Z
4,O2+,2022-05-28T03:30:00Z,2022-05-28T03:35:00Z
4,O2+,2022-05-30T19:17:00Z,2022-05-30T19:22:00Z
4,O2+,2022-05-31T08:44:00Z,2022-05-31T08:54:00Z
4,O2+,2022-05-31T09:09:00Z,2022-05-31T09:18:00Z
4,O2+,2022-06-01T20:26:00Z,2022-06-01T20:31:00Z
4,O2+,2022-06-07T11:11:00Z,2022-06-07T11:21:00Z
4,O2+,2022-06-11T13:43:00Z,2022-06-11T13:49:00Z
4,O2+,2022-06-13T09:01:00Z,2022-06-13T09:07:00Z
4,O2+,2022-06-13T16:09:00Z,2022-06-13T16:14:00Z
4,O2+,2022-06-21T14:42:00Z,2022-06-21T14:48:00Z
4,O2+,2022-06-26T07:45:00Z,2022-06-26T07:55:00Z
4,O2+,2022-07-01T22:10:00Z,2022-07-01T22:16:00Z
4,O2+,2022-07-16T23:33:00Z,2022-07-16T23:40:00Z
4,O2+,2022-07-18T18:24:00Z,2022-07-18T18:29:00Z
4,O2+,2022-07-21T09:53:00Z,2022-07-21T10:00:00Z
4,O2+,2022-07-30T05:46:00Z,2022-07-30T05:54:00Z
4,O2+,2022-07-31T03:36:00Z,2022-07-31T03:44:00Z
4,O2+,2022-08-05T03:13:00Z,2022-08-05T03:23:00Z
4,O2+,2022-08-11T15:33:00Z,2022-08-11T15:40:00Z
4,O2+,2022-08-22T13:06:00Z,2022-08-22T13:11:00Z
4,O2+,2022-08-26T08:56:00Z,2022-08-26T09:06:00Z
4,O2+,2022-08-31T09:07:00Z,2022-08-31T09:14:00Z
4,O2+,2022-09-21T21:38:00Z,2022-09-21T21:44:00Z
4,O2+,2022-09-23T23:56:00Z,2022-09-24T00:03:00Z
4,O2+,2022-10-01T15:55:00Z,2022-10-01T16:02:00Z
4,O2+,2023-06-30T19:53:00Z,2023-06-30T20:00:00Z
4,O2+,2023-06-30T20:00:00Z,2023-06-30T20:10:00Z
4,O2+,2023-06-30T20:12:00Z,2023-06-30T20:19:00Z
4,O2+,2023-06-30T20:20:00Z,2023-06-30T20:30:00Z
4,O2+,2023-06-30T20:30:00Z,2023-06-30T20:35:00Z
4,O2+,2023-06-30T20:39:00Z,2023-06-30T20:44:00Z
4,O2+,2023-07-01T02:58:00Z,2023-07-01T03:05:00Z
4,O2+,2023-07-01T03:05:00Z,2023-07-01T03:15:00Z
4,O2+,2023-07-01T03:15:00Z,2023-07-01T03:22:00Z
4,O2+,2023-07-01T03:23:00Z,2023-07-01T03:30:00Z
4,O2+,2023-07-01T03:31:00Z,2023-07-01T03:36:00Z
4,O2+,2023-07-01T03:50:00Z,2023-07-01T03:57:00Z
4,O2+,2023-07-02T07:38:00Z,2023-07-02T07:43:00Z
4,O2+,2023-07-02T08:09:00Z,2023-07-02T08:15:00Z
4,O2+,2023-07-02T14:21:00Z,2023-07-02T14:31:00Z
4,O2+,2023-07-02T14:31:00Z,2023-07-02T14:37:00Z
4,O2+,2023-07-02T14:37:00Z,2023-07-02T14:47:00Z
4,O2+,2023-07-02T14:47:00Z,2023-07-02T14:57:00Z
4,O2+,2023-07-02T22:19:00Z,2023-07-02T22:24:00Z
4,O2+,2023-07-03T04:39:00Z,2023-07-03T04:49:00Z
4,O2+,2023-07-03T04:57:00Z,2023-07-03T05:03:00Z
4,O2+,2023-07-03T19:11:00Z,2023-07-03T19:21:00Z
4,O2+,2023-07-03T19:21:00Z,2023-07-03T19:27:00Z
4,O2+,2023-07-03T19:27:00Z,2023-07-03T19:37:00Z
4,O2+,2023-07-04T01:47:00Z,2023-07-04T01:57:00Z
4,O2+,2023-07-04T01:57:00Z,2023-07-04T02:03:00Z
4,O2+,2023-07-04T02:07:00Z,2023-07-04T02:13:00Z
4,O2+,2023-07-04T02:20:00Z,2023-07-04T02:26:00Z
4,O2+,2023-07-04T02:29:00Z,2023-07-04T02:38:00Z
4,O2+,2023-07-04T15:57:00Z,2023-07-04T16:07:00Z
4,O2+,2023-07-04T16:10:00Z,2023-07-04T16:16:00Z
4,O2+,2023-07-04T16:17:00Z,2023-07-04T16:26:00Z
4,O2+,2023-07-04T16:27:00Z,2023-07-04T16:34:00Z
4,O2+,2023-07-05T06:42:00Z,2023-07-05T06:48:00Z
4,O2+,2023-07-05T20:13:00Z,2023-07-05T20:23:00Z
4,O2+,2023-07-05T20:39:00Z,2023-07-05T20:44:00Z
4,O2+,2023-07-05T20:52:00Z,2023-07-05T20:57:00Z
4,O2+,2023-07-05T20:58:00Z,2023-07-05T21:03:00Z
4,O2+,2023-07-06T17:38:00Z,2023-07-06T17:48:00Z
4,O2+,2023-07-06T17:48:00Z,2023-07-06T17:58:00Z
4,O2+,2023-07-07T00:32:00Z,2023-07-07T00:38:00Z
4,O2+,2023-07-07T00:44:00Z,2023-07-07T00:54:00Z
4,O2+,2023-07-07T01:01:00Z,2023-07-07T01:07:00Z
4,O2+,2023-07-07T14:41:00Z,2023-07-07T14:47:00Z
4,O2+,2023-07-07T14:48:00Z,2023-07-07T14:56:00Z
4,O2+,2023-07-07T22:19:00Z,2023-07-07T22:24:00Z
4,O2+,2023-07-08T05:05:00Z,2023-07-08T05:14:00Z
4,O2+,2023-07-08T05:17:00Z,2023-07-08T05:22:00Z
4,O2+,2023-07-08T19:01:00Z,2023-07-08T19:09:00Z
4,O2+,2023-07-08T19:13:00Z,2023-07-08T19:23:00Z
4,O2+,2023-07-08T19:41:00Z,2023-07-08T19:47:00Z
4,O2+,2023-07-09T16:35:00Z,2023-07-09T16:43:00Z
4,O2+,2023-07-09T23:31:00Z,2023-07-09T23:41:00Z
4,O2+,2023-07-09T23:48:00Z,2023-07-09T23:53:00Z
4,O2+,2023-07-10T20:52:00Z,2023-07-10T20:58:00Z
4,O2+,2023-07-11T17:48:00Z,2023-07-11T17:55:00Z
4,O2+,2023-07-12T00:54:00Z,2023-07-12T00:59:00Z
4,O2+,2023-07-12T01:03:00Z,2023-07-12T01:08:00Z
4,O2+,2023-07-12T01:29:00Z,2023-07-12T01:34:00Z
4,O2+,2023-07-12T08:06:00Z,2023-07-12T08:11:00Z
4,O2+,2023-07-12T08:51:00Z,2023-07-12T08:57:00Z
4,O2+,2023-07-13T12:30:00Z,2023-07-13T12:35:00Z
4,O2+,2023-07-13T13:00:00Z,2023-07-13T13:06:00Z
4,O2+,2023-07-13T19:38:00Z,2023-07-13T19:43:00Z
4,O2+,2023-07-13T19:48:00Z,2023-07-13T19:53:00Z
4,O2+,2023-07-13T20:13:00Z,2023-07-13T20:19:00Z
4,O2+,2023-07-14T02:27:00Z,2023-07-14T02:37:00Z
4,O2+,2023-07-14T02:40:00Z,2023-07-14T02:46:00Z
4,O2+,2023-07-14T02:46:00Z,2023-07-14T02:56:00Z
4,O2+,2023-07-14T02:59:00Z,2023-07-14T03:06:00Z
4,O2+,2023-07-14T09:32:00Z,2023-07-14T09:42:00Z
4,O2+,2023-07-14T09:42:00Z,2023-07-14T09:51:00Z
4,O2+,2023-07-14T09:51:00Z,2023-07-14T10:01:00Z
4,O2+,2023-07-14T10:02:00Z,2023-07-14T10:09:00Z
4,O2+,2023-07-14T10:14:00Z,2023-07-14T10:22:00Z
4,O2+,2023-07-14T10:26:00Z,2023-07-14T10:31:00Z
4,O2+,2023-07-14T16:36:00Z,2023-07-14T16:41:00Z
4,O2+,2023-07-14T16:42:00Z,2023-07-14T16:49:00Z
4,O2+,2023-07-14T16:58:00Z,2023-07-14T17:03:00Z
4,O2+,2023-07-14T17:11:00Z,2023-07-14T17:21:00Z
4,O2+,2023-07-14T23:42:00Z,2023-07-14T23:52:00Z
4,O2+,2023-07-14T23:52:00Z,2023-07-15T00:02:00Z
4,O2+,2023-07-15T00:07:00Z,2023-07-15T00:12:00Z
4,O2+,2023-07-15T00:22:00Z,2023-07-15T00:29:00Z
4,O2+,2023-07-15T14:01:00Z,2023-07-15T14:06:00Z
4,O2+,2023-07-15T21:10:00Z,2023-07-15T21:16:00Z
4,O2+,2023-07-15T21:40:00Z,2023-07-15T21:46:00Z
4,O2+,2023-07-16T04:25:00Z,2023-07-16T04:35:00Z
4,O2+,2023-07-16T04:41:00Z,2023-07-16T04:48:00Z
4,O2+,2023-07-16T11:31:00Z,2023-07-16T11:41:00Z
4,O2+,2023-07-16T18:50:00Z,2023-07-16T18:58:00Z
4,O2+,2023-07-16T18:58:00Z,2023-07-16T19:08:00Z
4,O2+,2023-07-17T01:19:00Z,2023-07-17T01:29:00Z
4,O2+,2023-07-17T01:29:00Z,2023-07-17T01:34:00Z
4,O2+,2023-07-17T01:34:00Z,2023-07-17T01:44:00Z
4,O2+,2023-07-17T01:44:00Z,2023-07-17T01:50:00Z
4,O2+,2023-07-17T01:59:00Z,2023-07-17T02:04:00Z
4,O2+,2023-07-17T08:52:00Z,2023-07-17T09:00:00Z
4,O2+,2023-07-17T09:05:00Z,2023-07-17T09:14:00Z
4,O2+,2023-07-17T15:25:00Z,2023-07-17T15:33:00Z
4,O2+,2023-07-17T15:46:00Z,2023-07-17T15:52:00Z
4,O2+,2023-07-17T22:29:00Z,2023-07-17T22:34:00Z
4,O2+,2023-07-17T22:35:00Z,2023-07-17T22:43:00Z
4,O2+,2023-07-17T22:44:00Z,2023-07-17T22:51:00Z
4,O2+,2023-07-18T05:46:00Z,2023-07-18T05:52:00Z
4,O2+,2023-07-18T20:11:00Z,2023-07-18T20:18:00Z
4,O2+,2023-07-19T02:48:00Z,2023-07-19T02:58:00Z
4,O2+,2023-07-19T03:08:00Z,2023-07-19T03:18:00Z
4,O2+,2023-07-19T17:00:00Z,2023-07-19T17:05:00Z
4,O2+,2023-07-20T00:02:00Z,2023-07-20T00:12:00Z
4,O2+,2023-07-20T00:46:00Z,2023-07-20T00:51:00Z
4,O2+,2023-07-20T14:14:00Z,2023-07-20T14:24:00Z
4,O2+,2023-07-20T14:25:00Z,2023-07-20T14:32:00Z
4,O2+,2023-07-20T14:56:00Z,2023-07-20T15:01:00Z
4,O2+,2023-07-20T21:44:00Z,2023-07-20T21:50:00Z
4,O2+,2023-07-21T04:22:00Z,2023-07-21T04:29:00Z
4,O2+,2023-07-21T04:31:00Z,2023-07-21T04:41:00Z
4,O2+,2023-07-21T04:41:00Z,2023-07-21T04:48:00Z
4,O2+,2023-07-21T04:48:00Z,2023-07-21T04:58:00Z
4,O2+,2023-07-21T05:05:00Z,2023-07-21T05:11:00Z
4,O2+,2023-07-21T11:42:00Z,2023-07-21T11:49:00Z
4,O2+,2023-07-21T19:00:00Z,2023-07-21T19:06:00Z
4,O2+,2023-07-21T19:14:00Z,2023-07-21T19:21:00Z
4,O2+,2023-07-22T01:39:00Z,2023-07-22T01:49:00Z
4,O2+,2023-07-22T01:49:00Z,2023-07-22T01:54:00Z
4,O2+,2023-07-22T09:28:00Z,2023-07-22T09:33:00Z
4,O2+,2023-07-22T09:34:00Z,2023-07-22T09:40:00Z
4,O2+,2023-07-22T16:15:00Z,2023-07-22T16:21:00Z
4,O2+,2023-07-22T22:50:00Z,2023-07-22T22:56:00Z
4,O2+,2023-07-23T05:54:00Z,2023-07-23T05:59:00Z
4,O2+,2023-07-23T06:01:00Z,2023-07-23T06:11:00Z
4,O2+,2023-07-23T06:11:00Z,2023-07-23T06:19:00Z
4,O2+,2023-07-23T06:21:00Z,2023-07-23T06:31:00Z
4,O2+,2023-07-23T13:37:00Z,2023-07-23T13:42:00Z
4,O2+,2023-07-23T20:05:00Z,2023-07-23T20:10:00Z
4,O2+,2023-07-23T20:21:00Z,2023-07-23T20:27:00Z
4,O2+,2023-07-23T20:34:00Z,2023-07-23T20:39:00Z
4,O2+,2023-07-24T03:10:00Z,2023-07-24T03:18:00Z
4,O2+,2023-07-24T03:21:00Z,2023-07-24T03:31:00Z
4,O2+,2023-07-24T03:31:00Z,2023-07-24T03:41:00Z
4,O2+,2023-07-24T03:50:00Z,2023-07-24T03:57:00Z
4,O2+,2023-07-24T03:58:00Z,2023-07-24T04:06:00Z
4,O2+,2023-07-24T10:41:00Z,2023-07-24T10:46:00Z
4,O2+,2023-07-24T11:00:00Z,2023-07-24T11:07:00Z
4,O2+,2023-07-24T17:23:00Z,2023-07-24T17:30:00Z
4,O2+,2023-07-24T17:31:00Z,2023-07-24T17:36:00Z
4,O2+,2023-07-24T18:00:00Z,2023-07-24T18:05:00Z
4,O2+,2023-07-24T18:06:00Z,2023-07-24T18:11:00Z
4,O2+,2023-07-25T07:41:00Z,2023-07-25T07:47:00Z
4,O2+,2023-07-25T07:52:00Z,2023-07-25T07:58:00Z
4,O2+,2023-07-25T08:19:00Z,2023-07-25T08:25:00Z
4,O2+,2023-07-25T21:41:00Z,2023-07-25T21:50:00Z
4,O2+,2023-07-25T21:51:00Z,2023-07-25T21:59:00Z
4,O2+,2023-07-25T22:30:00Z,2023-07-25T22:35:00Z
4,O2+,2023-07-26T04:43:00Z,2023-07-26T04:53:00Z
4,O2+,2023-07-26T04:54:00Z,2023-07-26T05:04:00Z
4,O2+,2023-07-26T05:09:00Z,2023-07-26T05:14:00Z
4,O2+,2023-07-26T05:29:00Z,2023-07-26T05:38:00Z
4,O2+,2023-07-26T19:03:00Z,2023-07-26T19:09:00Z
4,O2+,2023-07-26T19:10:00Z,2023-07-26T19:15:00Z
4,O2+,2023-07-26T19:28:00Z,2023-07-26T19:34:00Z
4,O2+,2023-07-27T01:59:00Z,2023-07-27T02:06:00Z
4,O2+,2023-07-27T02:07:00Z,2023-07-27T02:16:00Z
4,O2+,2023-07-27T02:44:00Z,2023-07-27T02:50:00Z
4,O2+,2023-07-27T02:51:00Z,2023-07-27T02:56:00Z
4,O2+,2023-07-27T09:02:00Z,2023-07-27T09:12:00Z
4,O2+,2023-07-27T09:15:00Z,2023-07-27T09:25:00Z
4,O2+,2023-07-27T09:39:00Z,2023-07-27T09:46:00Z
4,O2+,2023-07-27T16:09:00Z,2023-07-27T16:19:00Z
4,O2+,2023-07-27T16:23:00Z,2023-07-27T16:33:00Z
4,O2+,2023-07-27T16:38:00Z,2023-07-27T16:43:00Z
4,O2+,2023-07-27T16:52:00Z,2023-07-27T16:57:00Z
4,O2+,2023-07-27T23:13:00Z,2023-07-27T23:23:00Z
4,O2+,2023-07-27T23:23:00Z,2023-07-27T23:32:00Z
4,O2+,2023-07-27T23:35:00Z,2023-07-27T23:40:00Z
4,O2+,2023-07-27T23:51:00Z,2023-07-27T23:59:00Z
4,O2+,2023-07-28T06:36:00Z,2023-07-28T06:41:00Z
4,O2+,2023-07-28T06:41:00Z,2023-07-28T06:51:00Z
4,O2+,2023-07-28T06:52:00Z,2023-07-28T07:02:00Z
4,O2+,2023-07-28T07:04:00Z,2023-07-28T07:14:00Z
4,O2+,2023-07-28T13:21:00Z,2023-07-28T13:26:00Z
4,O2+,2023-07-28T13:28:00Z,2023-07-28T13:33:00Z
4,O2+,2023-07-28T13:36:00Z,2023-07-28T13:41:00Z
4,O2+,2023-07-28T13:42:00Z,2023-07-28T13:48:00Z
4,O2+,2023-07-28T20:29:00Z,2023-07-28T20:39:00Z
4,O2+,2023-07-28T20:44:00Z,2023-07-28T20:54:00Z
4,O2+,2023-07-28T20:54:00Z,2023-07-28T20:59:00Z
4,O2+,2023-07-28T21:00:00Z,2023-07-28T21:05:00Z
4,O2+,2023-07-29T03:55:00Z,2023-07-29T04:03:00Z
4,O2+,2023-07-29T04:08:00Z,2023-07-29T04:13:00Z
4,O2+,2023-07-29T10:35:00Z,2023-07-29T10:45:00Z
4,O2+,2023-07-29T10:45:00Z,2023-07-29T10:55:00Z
4,O2+,2023-07-29T11:09:00Z,2023-07-29T11:14:00Z
4,O2+,2023-07-29T17:40:00Z,2023-07-29T17:46:00Z
4,O2+,2023-07-30T00:45:00Z,2023-07-30T00:50:00Z
4,O2+,2023-07-30T00:51:00Z,2023-07-30T00:57:00Z
4,O2+,2023-07-30T01:10:00Z,2023-07-30T01:15:00Z
4,O2+,2023-07-30T07:53:00Z,2023-07-30T08:00:00Z
4,O2+,2023-07-30T08:31:00Z,2023-07-30T08:36:00Z
4,O2+,2023-07-30T08:41:00Z,2023-07-30T08:49:00Z
4,O2+,2023-07-30T15:36:00Z,2023-07-30T15:41:00Z
4,O2+,2023-07-31T05:04:00Z,2023-07-31T05:12:00Z
4,O2+,2023-07-31T05:16:00Z,2023-07-31T05:26:00Z
4,O2+,2023-07-31T05:26:00Z,2023-07-31T05:34:00Z
4,O2+,2023-07-31T05:41:00Z,2023-07-31T05:48:00Z
4,O2+,2023-07-31T05:53:00Z,2023-07-31T05:59:00Z
4,O2+,2023-07-31T12:14:00Z,2023-07-31T12:22:00Z
4,O2+,2023-07-31T12:38:00Z,2023-07-31T12:48:00Z
4,O2+,2023-07-31T19:17:00Z,2023-07-31T19:27:00Z
4,O2+,2023-07-31T19:28:00Z,2023-07-31T19:33:00Z
4,O2+,2023-07-31T19:50:00Z,2023-07-31T19:58:00Z
4,O2+,2023-07-31T20:01:00Z,2023-07-31T20:11:00Z
4,O2+,2023-08-01T02:54:00Z,2023-08-01T03:00:00Z
4,O2+,2023-08-01T10:01:00Z,2023-08-01T10:07:00Z
4,O2+,2023-08-01T10:15:00Z,2023-08-01T10:21:00Z
4,O2+,2023-08-01T16:28:00Z,2023-08-01T16:35:00Z
4,O2+,2023-08-01T16:37:00Z,2023-08-01T16:47:00Z
4,O2+,2023-08-01T16:47:00Z,2023-08-01T16:52:00Z
4,O2+,2023-08-01T16:56:00Z,2023-08-01T17:01:00Z
4,O2+,2023-08-01T17:02:00Z,2023-08-01T17:07:00Z
4,O2+,2023-08-02T06:45:00Z,2023-08-02T06:55:00Z
4,O2+,2023-08-02T07:00:00Z,2023-08-02T07:10:00Z
4,O2+,2023-08-02T07:10:00Z,2023-08-02T07:20:00Z
4,O2+,2023-08-02T07:29:00Z,2023-08-02T07:35:00Z
4,O2+,2023-08-02T20:52:00Z,2023-08-02T21:02:00Z
4,O2+,2023-08-02T21:06:00Z,2023-08-02T21:14:00Z
4,O2+,2023-08-02T21:39:00Z,2023-08-02T21:46:00Z
4,O2+,2023-08-03T04:02:00Z,2023-08-03T04:08:00Z
4,O2+,2023-08-03T04:31:00Z,2023-08-03T04:36:00Z
4,O2+,2023-08-03T18:50:00Z,2023-08-03T18:59:00Z
4,O2+,2023-08-04T01:12:00Z,2023-08-04T01:18:00Z
4,O2+,2023-08-04T15:32:00Z,2023-08-04T15:39:00Z
4,O2+,2023-08-04T15:50:00Z,2023-08-04T16:00:00Z
4,O2+,2023-08-04T22:58:00Z,2023-08-04T23:03:00Z
4,O2+,2023-08-05T05:36:00Z,2023-08-05T05:44:00Z
4,O2+,2023-08-05T12:30:00Z,2023-08-05T12:40:00Z
4,O2+,2023-08-05T12:43:00Z,2023-08-05T12:48:00Z
4,O2+,2023-08-05T12:50:00Z,2023-08-05T12:57:00Z
4,O2+,2023-08-05T19:45:00Z,2023-08-05T19:51:00Z
4,O2+,2023-08-05T19:56:00Z,2023-08-05T20:01:00Z
4,O2+,2023-08-05T20:06:00Z,2023-08-05T20:13:00Z
4,O2+,2023-08-05T20:14:00Z,2023-08-05T20:20:00Z
4,O2+,2023-08-06T03:23:00Z,2023-08-06T03:29:00Z
4,O2+,2023-08-06T10:32:00Z,2023-08-06T10:40:00Z
4,O2+,2023-08-06T16:51:00Z,2023-08-06T17:01:00Z
4,O2+,2023-08-06T17:01:00Z,2023-08-06T17:10:00Z
4,O2+,2023-08-06T17:19:00Z,2023-08-06T17:25:00Z
4,O2+,2023-08-06T17:27:00Z,2023-08-06T17:37:00Z
4,O2+,2023-08-06T23:55:00Z,2023-08-07T00:05:00Z
4,O2+,2023-08-07T00:12:00Z,2023-08-07T00:18:00Z
4,O2+,2023-08-07T07:05:00Z,2023-08-07T07:11:00Z
4,O2+,2023-08-07T07:16:00Z,2023-08-07T07:22:00Z
4,O2+,2023-08-07T07:41:00Z,2023-08-07T07:46:00Z
4,O2+,2023-08-07T14:03:00Z,2023-08-07T14:09:00Z
4,O2+,2023-08-07T14:14:00Z,2023-08-07T14:24:00Z
4,O2+,2023-08-07T14:28:00Z,2023-08-07T14:38:00Z
4,O2+,2023-08-07T14:43:00Z,2023-08-07T14:50:00Z
4,O2+,2023-08-07T14:54:00Z,2023-08-07T15:03:00Z
4,O2+,2023-08-07T21:08:00Z,2023-08-07T21:15:00Z
4,O2+,2023-08-07T21:21:00Z,2023-08-07T21:26:00Z
4,O2+,2023-08-07T21:33:00Z,2023-08-07T21:39:00Z
4,O2+,2023-08-07T21:40:00Z,2023-08-07T21:47:00Z
4,O2+,2023-08-08T04:25:00Z,2023-08-08T04:34:00Z
4,O2+,2023-08-08T05:02:00Z,2023-08-08T05:07:00Z
4,O2+,2023-08-08T11:53:00Z,2023-08-08T11:59:00Z
4,O2+,2023-08-08T18:24:00Z,2023-08-08T18:34:00Z
4,O2+,2023-08-08T18:35:00Z,2023-08-08T18:45:00Z
4,O2+,2023-08-08T18:49:00Z,2023-08-08T18:54:00Z
4,O2+,2023-08-08T19:02:00Z,2023-08-08T19:07:00Z
4,O2+,2023-08-09T02:12:00Z,2023-08-09T02:17:00Z
4,O2+,2023-08-09T15:41:00Z,2023-08-09T15:46:00Z
4,O2+,2023-08-09T15:47:00Z,2023-08-09T15:52:00Z
4,O2+,2023-08-09T16:09:00Z,2023-08-09T16:18:00Z
4,O2+,2023-08-09T22:46:00Z,2023-08-09T22:53:00Z
4,O2+,2023-08-09T23:14:00Z,2023-08-09T23:22:00Z
4,O2+,2023-08-10T05:54:00Z,2023-08-10T06:04:00Z
4,O2+,2023-08-10T06:09:00Z,2023-08-10T06:14:00Z
4,O2+,2023-08-10T06:15:00Z,2023-08-10T06:20:00Z
4,O2+,2023-08-10T06:21:00Z,2023-08-10T06:29:00Z
4,O2+,2023-08-10T06:39:00Z,2023-08-10T06:45:00Z
4,O2+,2023-08-10T12:55:00Z,2023-08-10T13:05:00Z
4,O2+,2023-08-10T13:05:00Z,2023-08-10T13:15:00Z
4,O2+,2023-08-10T20:13:00Z,2023-08-10T20:18:00Z
4,O2+,2023-08-10T20:32:00Z,2023-08-10T20:40:00Z
4,O2+,2023-08-11T10:06:00Z,2023-08-11T10:11:00Z
4,O2+,2023-08-11T10:26:00Z,2023-08-11T10:33:00Z
4,O2+,2023-08-11T17:11:00Z,2023-08-11T17:21:00Z
4,O2+,2023-08-11T17:23:00Z,2023-08-11T17:33:00Z
4,O2+,2023-08-11T17:34:00Z,2023-08-11T17:42:00Z
4,O2+,2023-08-12T00:20:00Z,2023-08-12T00:25:00Z
4,O2+,2023-08-12T07:33:00Z,2023-08-12T07:41:00Z
4,O2+,2023-08-12T08:03:00Z,2023-08-12T08:12:00Z
4,O2+,2023-08-12T21:30:00Z,2023-08-12T21:38:00Z
4,O2+,2023-08-12T21:45:00Z,2023-08-12T21:55:00Z
4,O2+,2023-08-13T04:39:00Z,2023-08-13T04:45:00Z
4,O2+,2023-08-13T11:52:00Z,2023-08-13T11:57:00Z
4,O2+,2023-08-14T23:40:00Z,2023-08-14T23:46:00Z
4,O2+,2023-08-15T20:23:00Z,2023-08-15T20:33:00Z
4,O2+,2023-08-15T20:33:00Z,2023-08-15T20:39:00Z
4,O2+,2023-08-15T20:42:00Z,2023-08-15T20:51:00Z
4,O2+,2023-08-15T20:55:00Z,2023-08-15T21:03:00Z
4,O2+,2023-08-15T21:10:00Z,2023-08-15T21:16:00Z
4,O2+,2023-08-16T03:40:00Z,2023-08-16T03:45:00Z
4,O2+,2023-08-16T04:06:00Z,2023-08-16T04:11:00Z
4,O2+,2023-08-16T10:27:00Z,2023-08-16T10:32:00Z
4,O2+,2023-08-16T11:00:00Z,2023-08-16T11:05:00Z
4,O2+,2023-08-16T17:36:00Z,2023-08-16T17:46:00Z
4,O2+,2023-08-16T18:03:00Z,2023-08-16T18:08:00Z
4,O2+,2023-08-16T18:09:00Z,2023-08-16T18:14:00Z
4,O2+,2023-08-17T00:37:00Z,2023-08-17T00:42:00Z
4,O2+,2023-08-17T08:08:00Z,2023-08-17T08:16:00Z
4,O2+,2023-08-17T08:24:00Z,2023-08-17T08:29:00Z
4,O2+,2023-08-17T14:49:00Z,2023-08-17T14:59:00Z
4,O2+,2023-08-17T15:03:00Z,2023-08-17T15:13:00Z
4,O2+,2023-08-17T15:18:00Z,2023-08-17T15:28:00Z
4,O2+,2023-08-17T15:29:00Z,2023-08-17T15:36:00Z
4,O2+,2023-08-17T21:55:00Z,2023-08-17T22:05:00Z
4,O2+,2023-08-17T22:08:00Z,2023-08-17T22:18:00Z
4,O2+,2023-08-17T22:19:00Z,2023-08-17T22:26:00Z
4,O2+,2023-08-17T22:31:00Z,2023-08-17T22:41:00Z
4,O2+,2023-08-17T22:42:00Z,2023-08-17T22:47:00Z
4,O2+,2023-08-18T05:33:00Z,2023-08-18T05:39:00Z
4,O2+,2023-08-18T12:05:00Z,2023-08-18T12:11:00Z
4,O2+,2023-08-18T12:23:00Z,2023-08-18T12:28:00Z
4,O2+,2023-08-18T12:30:00Z,2023-08-18T12:38:00Z
4,O2+,2023-08-18T19:48:00Z,2023-08-18T19:58:00Z
4,O2+,2023-08-19T02:13:00Z,2023-08-19T02:21:00Z
4,O2+,2023-08-19T02:22:00Z,2023-08-19T02:31:00Z
4,O2+,2023-08-19T02:39:00Z,2023-08-19T02:45:00Z
4,O2+,2023-08-19T02:47:00Z,2023-08-19T02:52:00Z
4,O2+,2023-08-19T02:54:00Z,2023-08-19T03:01:00Z
4,O2+,2023-08-19T09:14:00Z,2023-08-19T09:23:00Z
4,O2+,2023-08-19T09:30:00Z,2023-08-19T09:38:00Z
4,O2+,2023-08-19T09:52:00Z,2023-08-19T10:02:00Z
4,O2+,2023-08-19T10:03:00Z,2023-08-19T10:10:00Z
4,O2+,2023-08-19T16:28:00Z,2023-08-19T16:36:00Z
4,O2+,2023-08-19T16:42:00Z,2023-08-19T16:52:00Z
4,O2+,2023-08-19T16:53:00Z,2023-08-19T16:58:00Z
4,O2+,2023-08-19T17:04:00Z,2023-08-19T17:09:00Z
4,O2+,2023-08-19T17:13:00Z,2023-08-19T17:18:00Z
4,O2+,2023-08-19T23:23:00Z,2023-08-19T23:31:00Z
4,O2+,2023-08-19T23:32:00Z,2023-08-19T23:39:00Z
4,O2+,2023-08-19T23:39:00Z,2023-08-19T23:49:00Z
4,O2+,2023-08-19T23:53:00Z,2023-08-19T23:58:00Z
4,O2+,2023-08-19T23:59:00Z,2023-08-20T00:05:00Z
4,O2+,2023-08-20T06:44:00Z,2023-08-20T06:50:00Z
4,O2+,2023-08-20T06:53:00Z,2023-08-20T06:59:00Z
4,O2+,2023-08-20T07:14:00Z,2023-08-20T07:20:00Z
4,O2+,2023-08-20T20:48:00Z,2023-08-20T20:56:00Z
4,O2+,2023-08-20T21:13:00Z,2023-08-20T21:18:00Z
4,O2+,2023-08-21T03:54:00Z,2023-08-21T03:59:00Z
4,O2+,2023-08-21T04:02:00Z,2023-08-21T04:07:00Z
4,O2+,2023-08-21T04:16:00Z,2023-08-21T04:21:00Z
4,O2+,2023-08-21T10:48:00Z,2023-08-21T10:56:00Z
4,O2+,2023-08-21T11:13:00Z,2023-08-21T11:20:00Z
4,O2+,2023-08-21T11:23:00Z,2023-08-21T11:28:00Z
4,O2+,2023-08-21T11:40:00Z,2023-08-21T11:46:00Z
4,O2+,2023-08-21T17:55:00Z,2023-08-21T18:05:00Z
4,O2+,2023-08-21T18:12:00Z,2023-08-21T18:22:00Z
4,O2+,2023-08-22T01:10:00Z,2023-08-22T01:20:00Z
4,O2+,2023-08-22T01:23:00Z,2023-08-22T01:33:00Z
4,O2+,2023-08-22T01:51:00Z,2023-08-22T01:57:00Z
4,O2+,2023-08-22T08:11:00Z,2023-08-22T08:18:00Z
4,O2+,2023-08-22T15:08:00Z,2023-08-22T15:18:00Z
4,O2+,2023-08-22T15:21:00Z,2023-08-22T15:31:00Z
4,O2+,2023-08-22T22:11:00Z,2023-08-22T22:17:00Z
4,O2+,2023-08-22T22:18:00Z,2023-08-22T22:26:00Z
4,O2+,2023-08-23T05:42:00Z,2023-08-23T05:47:00Z
4,O2+,2023-08-23T12:31:00Z,2023-08-23T12:40:00Z
4,O2+,2023-08-23T12:41:00Z,2023-08-23T12:51:00Z
4,O2+,2023-08-23T13:06:00Z,2023-08-23T13:13:00Z
4,O2+,2023-08-23T19:28:00Z,2023-08-23T19:38:00Z
4,O2+,2023-08-23T19:38:00Z,2023-08-23T19:48:00Z
4,O2+,2023-08-23T19:48:00Z,2023-08-23T19:56:00Z
4,O2+,2023-08-23T20:00:00Z,2023-08-23T20:08:00Z
4,O2+,2023-08-24T02:30:00Z,2023-08-24T02:39:00Z
4,O2+,2023-08-24T02:54:00Z,2023-08-24T02:59:00Z
4,O2+,2023-08-24T03:21:00Z,2023-08-24T03:26:00Z
4,O2+,2023-08-24T09:50:00Z,2023-08-24T09:57:00Z
4,O2+,2023-08-24T10:16:00Z,2023-08-24T10:22:00Z
4,O2+,2023-08-24T10:25:00Z,2023-08-24T10:31:00Z
4,O2+,2023-08-24T23:48:00Z,2023-08-24T23:58:00Z
4,O2+,2023-08-25T00:01:00Z,2023-08-25T00:06:00Z
4,O2+,2023-08-25T00:37:00Z,2023-08-25T00:43:00Z
4,O2+,2023-08-25T13:58:00Z,2023-08-25T14:05:00Z
4,O2+,2023-08-25T14:16:00Z,2023-08-25T14:23:00Z
4,O2+,2023-08-25T14:37:00Z,2023-08-25T14:42:00Z
4,O2+,2023-08-26T04:07:00Z,2023-08-26T04:17:00Z
4,O2+,2023-08-26T04:17:00Z,2023-08-26T04:25:00Z
4,O2+,2023-08-26T04:26:00Z,2023-08-26T04:32:00Z
4,O2+,2023-08-26T11:20:00Z,2023-08-26T11:25:00Z
4,O2+,2023-08-26T11:25:00Z,2023-08-26T11:35:00Z
4,O2+,2023-08-26T11:54:00Z,2023-08-26T11:59:00Z
4,O2+,2023-08-26T18:15:00Z,2023-08-26T18:25:00Z
4,O2+,2023-08-26T18:25:00Z,2023-08-26T18:31:00Z
4,O2+,2023-08-26T18:40:00Z,2023-08-26T18:47:00Z
4,O2+,2023-08-26T18:56:00Z,2023-08-26T19:01:00Z
4,O2+,2023-08-27T01:19:00Z,2023-08-27T01:26:00Z
4,O2+,2023-08-27T01:27:00Z,2023-08-27T01:35:00Z
4,O2+,2023-08-27T01:38:00Z,2023-08-27T01:45:00Z
4,O2+,2023-08-27T01:47:00Z,2023-08-27T01:53:00Z
4,O2+,2023-08-27T02:03:00Z,2023-08-27T02:10:00Z
4,O2+,2023-08-27T08:29:00Z,2023-08-27T08:36:00Z
4,O2+,2023-08-27T15:31:00Z,2023-08-27T15:40:00Z
4,O2+,2023-08-27T15:44:00Z,2023-08-27T15:51:00Z
4,O2+,2023-08-28T19:53:00Z,2023-08-28T19:58:00Z
4,O2+,2023-08-29T02:52:00Z,2023-08-29T03:02:00Z
4,O2+,2023-08-29T03:15:00Z,2023-08-29T03:21:00Z
4,O2+,2023-08-29T03:27:00Z,2023-08-29T03:36:00Z
4,O2+,2023-08-29T03:42:00Z,2023-08-29T03:47:00Z
4,O2+,2023-08-29T10:04:00Z,2023-08-29T10:10:00Z
4,O2+,2023-08-29T10:30:00Z,2023-08-29T10:40:00Z
4,O2+,2023-08-29T17:07:00Z,2023-08-29T17:17:00Z
4,O2+,2023-08-29T17:17:00Z,2023-08-29T17:24:00Z
4,O2+,2023-08-30T07:16:00Z,2023-08-30T07:21:00Z
4,O2+,2023-08-30T07:41:00Z,2023-08-30T07:51:00Z
4,O2+,2023-08-30T14:16:00Z,2023-08-30T14:21:00Z
4,O2+,2023-08-30T14:39:00Z,2023-08-30T14:49:00Z
4,O2+,2023-08-30T21:20:00Z,2023-08-30T21:28:00Z
4,O2+,2023-08-30T21:29:00Z,2023-08-30T21:37:00Z
4,O2+,2023-08-30T21:38:00Z,2023-08-30T21:45:00Z
4,O2+,2023-08-30T21:55:00Z,2023-08-30T22:03:00Z
4,O2+,2023-08-30T22:06:00Z,2023-08-30T22:14:00Z
4,O2+,2023-08-31T11:31:00Z,2023-08-31T11:40:00Z
4,O2+,2023-08-31T12:01:00Z,2023-08-31T12:09:00Z
4,O2+,2023-08-31T12:10:00Z,2023-08-31T12:16:00Z
4,O2+,2023-08-31T19:10:00Z,2023-08-31T19:16:00Z
4,O2+,2023-08-31T19:22:00Z,2023-08-31T19:28:00Z
4,O2+,2023-09-01T08:52:00Z,2023-09-01T08:59:00Z
4,O2+,2023-09-01T15:50:00Z,2023-09-01T15:56:00Z
4,O2+,2023-09-01T15:56:00Z,2023-09-01T16:06:00Z
4,O2+,2023-09-02T06:08:00Z,2023-09-02T06:15:00Z
4,O2+,2023-09-02T13:13:00Z,2023-09-02T13:21:00Z
4,O2+,2023-09-02T13:44:00Z,2023-09-02T13:49:00Z
4,O2+,2023-09-02T20:12:00Z,2023-09-02T20:22:00Z
4,O2+,2023-09-02T20:22:00Z,2023-09-02T20:32:00Z
4,O2+,2023-09-02T20:32:00Z,2023-09-02T20:37:00Z
4,O2+,2023-09-02T20:47:00Z,2023-09-02T20:53:00Z
4,O2+,2023-09-02T20:55:00Z,2023-09-02T21:02:00Z
4,O2+,2023-09-03T10:27:00Z,2023-09-03T10:32:00Z
4,O2+,2023-09-03T17:54:00Z,2023-09-03T18:01:00Z
4,O2+,2023-09-04T00:28:00Z,2023-09-04T00:34:00Z
4,O2+,2023-09-04T00:35:00Z,2023-09-04T00:42:00Z
4,O2+,2023-09-04T00:48:00Z,2023-09-04T00:53:00Z
4,O2+,2023-09-04T00:56:00Z,2023-09-04T01:06:00Z
4,O2+,2023-09-04T01:14:00Z,2023-09-04T01:19:00Z
4,O2+,2023-09-04T07:42:00Z,2023-09-04T07:49:00Z
4,O2+,2023-09-04T08:01:00Z,2023-09-04T08:11:00Z
4,O2+,2023-09-04T08:13:00Z,2023-09-04T08:18:00Z
4,O2+,2023-09-04T08:26:00Z,2023-09-04T08:32:00Z
4,O2+,2023-09-04T14:44:00Z,2023-09-04T14:54:00Z
4,O2+,2023-09-04T14:54:00Z,2023-09-04T14:59:00Z
4,O2+,2023-09-04T15:00:00Z,2023-09-04T15:08:00Z
4,O2+,2023-09-04T15:14:00Z,2023-09-04T15:19:00Z
4,O2+,2023-09-04T15:26:00Z,2023-09-04T15:36:00Z
4,O2+,2023-09-04T21:42:00Z,2023-09-04T21:47:00Z
4,O2+,2023-09-04T22:30:00Z,2023-09-04T22:36:00Z
4,O2+,2023-09-05T12:05:00Z,2023-09-05T12:11:00Z
4,O2+,2023-09-05T18:57:00Z,2023-09-05T19:04:00Z
4,O2+,2023-09-05T19:08:00Z,2023-09-05T19:14:00Z
4,O2+,2023-09-06T02:48:00Z,2023-09-06T02:56:00Z
4,O2+,2023-09-06T23:21:00Z,2023-09-06T23:29:00Z
4,O2+,2023-09-07T13:25:00Z,2023-09-07T13:32:00Z
4,O2+,2023-09-07T13:33:00Z,2023-09-07T13:39:00Z
4,O2+,2023-09-07T13:41:00Z,2023-09-07T13:48:00Z
4,O2+,2023-09-07T13:50:00Z,2023-09-07T14:00:00Z
4,O2+,2023-09-07T14:06:00Z,2023-09-07T14:11:00Z
4,O2+,2023-09-07T14:12:00Z,2023-09-07T14:19:00Z
4,O2+,2023-09-07T20:30:00Z,2023-09-07T20:40:00Z
4,O2+,2023-09-07T20:45:00Z,2023-09-07T20:55:00Z
4,O2+,2023-09-07T20:55:00Z,2023-09-07T21:03:00Z
4,O2+,2023-09-08T17:45:00Z,2023-09-08T17:55:00Z
4,O2+,2023-09-09T00:54:00Z,2023-09-09T00:59:00Z
4,O2+,2023-09-09T01:20:00Z,2023-09-09T01:25:00Z
4,O2+,2023-09-09T07:58:00Z,2023-09-09T08:08:00Z
4,O2+,2023-09-09T08:10:00Z,2023-09-09T08:15:00Z
4,O2+,2023-09-09T08:36:00Z,2023-09-09T08:41:00Z
4,O2+,2023-09-09T08:42:00Z,2023-09-09T08:49:00Z
4,O2+,2023-09-09T22:06:00Z,2023-09-09T22:16:00Z
4,O2+,2023-09-09T22:16:00Z,2023-09-09T22:26:00Z
4,O2+,2023-09-09T22:26:00Z,2023-09-09T22:31:00Z
4,O2+,2023-09-09T22:32:00Z,2023-09-09T22:39:00Z
4,O2+,2023-09-09T22:43:00Z,2023-09-09T22:48:00Z
4,O2+,2023-09-10T12:49:00Z,2023-09-10T12:54:00Z
4,O2+,2023-09-10T20:10:00Z,2023-09-10T20:15:00Z
4,O2+,2023-09-11T02:38:00Z,2023-09-11T02:45:00Z
4,O2+,2023-09-11T03:07:00Z,2023-09-11T03:12:00Z
4,O2+,2023-09-11T09:46:00Z,2023-09-11T09:51:00Z
4,O2+,2023-09-11T16:35:00Z,2023-09-11T16:41:00Z
4,O2+,2023-09-11T16:42:00Z,2023-09-11T16:50:00Z
4,O2+,2023-09-11T17:09:00Z,2023-09-11T17:15:00Z
4,O2+,2023-09-11T17:21:00Z,2023-09-11T17:26:00Z
4,O2+,2023-09-12T06:42:00Z,2023-09-12T06:52:00Z
4,O2+,2023-09-12T06:58:00Z,2023-09-12T07:03:00Z
4,O2+,2023-09-12T07:03:00Z,2023-09-12T07:13:00Z
4,O2+,2023-09-12T07:14:00Z,2023-09-12T07:21:00Z
4,O2+,2023-09-12T07:24:00Z,2023-09-12T07:29:00Z
4,O2+,2023-09-12T07:36:00Z,2023-09-12T07:41:00Z
4,O2+,2023-09-12T13:47:00Z,2023-09-12T13:52:00Z
4,O2+,2023-09-12T14:07:00Z,2023-09-12T14:12:00Z
4,O2+,2023-09-12T14:18:00Z,2023-09-12T14:23:00Z
4,O2+,2023-09-12T20:52:00Z,2023-09-12T21:02:00Z
4,O2+,2023-09-12T21:02:00Z,2023-09-12T21:12:00Z
4,O2+,2023-09-12T21:27:00Z,2023-09-12T21:37:00Z
4,O2+,2023-09-12T21:40:00Z,2023-09-12T21:47:00Z
4,O2+,2023-09-13T03:57:00Z,2023-09-13T04:02:00Z
4,O2+,2023-09-14T01:14:00Z,2023-09-14T01:21:00Z
4,O2+,2023-09-14T22:25:00Z,2023-09-14T22:35:00Z
4,O2+,2023-09-14T22:35:00Z,2023-09-14T22:40:00Z
4,O2+,2023-09-14T22:41:00Z,2023-09-14T22:48:00Z
4,O2+,2023-09-14T22:57:00Z,2023-09-14T23:06:00Z
4,O2+,2023-09-15T05:45:00Z,2023-09-15T05:54:00Z
4,O2+,2023-09-16T16:54:00Z,2023-09-16T16:59:00Z
4,O2+,2023-09-16T16:59:00Z,2023-09-16T17:09:00Z
4,O2+,2023-09-16T17:10:00Z,2023-09-16T17:19:00Z
4,O2+,2023-09-16T17:35:00Z,2023-09-16T17:42:00Z
4,O2+,2023-09-17T00:02:00Z,2023-09-17T00:11:00Z
4,O2+,2023-09-17T07:24:00Z,2023-09-17T07:31:00Z
4,O2+,2023-09-18T18:27:00Z,2023-09-18T18:33:00Z
4,O2+,2023-09-18T18:34:00Z,2023-09-18T18:42:00Z
4,O2+,2023-09-18T18:42:00Z,2023-09-18T18:52:00Z
4,O2+,2023-09-18T18:56:00Z,2023-09-18T19:02:00Z
4,O2+,2023-09-19T01:41:00Z,2023-09-19T01:48:00Z
4,O2+,2023-09-19T01:49:00Z,2023-09-19T01:56:00Z
4,O2+,2023-09-19T02:02:00Z,2023-09-19T02:07:00Z
4,O2+,2023-09-19T02:08:00Z,2023-09-19T02:16:00Z
4,O2+,2023-09-19T08:39:00Z,2023-09-19T08:49:00Z
4,O2+,2023-09-19T09:03:00Z,2023-09-19T09:12:00Z
4,O2+,2023-09-19T09:17:00Z,2023-09-19T09:24:00Z
4,O2+,2023-09-19T09:29:00Z,2023-09-19T09:36:00Z
4,O2+,2023-09-20T06:06:00Z,2023-09-20T06:11:00Z
4,O2+,2023-09-20T06:35:00Z,2023-09-20T06:41:00Z
4,O2+,2023-09-20T20:00:00Z,2023-09-20T20:09:00Z
4,O2+,2023-09-20T20:14:00Z,2023-09-20T20:21:00Z
4,O2+,2023-09-22T14:32:00Z,2023-09-22T14:42:00Z
4,O2+,2023-09-22T14:46:00Z,2023-09-22T14:51:00Z
4,O2+,2023-09-22T15:00:00Z,2023-09-22T15:06:00Z
4,O2+,2023-09-22T15:19:00Z,2023-09-22T15:24:00Z
4,O2+,2023-09-23T04:45:00Z,2023-09-23T04:50:00Z
4,O2+,2023-09-23T11:51:00Z,2023-09-23T11:56:00Z
4,O2+,2023-09-23T18:48:00Z,2023-09-23T18:56:00Z
4,O2+,2023-09-23T19:01:00Z,2023-09-23T19:08:00Z
4,O2+,2023-09-23T19:25:00Z,2023-09-23T19:32:00Z
4,O2+,2023-09-23T19:39:00Z,2023-09-23T19:47:00Z
4,O2+,2023-09-24T01:53:00Z,2023-09-24T01:59:00Z
4,O2+,2023-09-24T02:20:00Z,2023-09-24T02:29:00Z
4,O2+,2023-09-24T09:01:00Z,2023-09-24T09:06:00Z
4,O2+,2023-09-25T06:41:00Z,2023-09-25T06:48:00Z
4,O2+,2023-09-26T03:27:00Z,2023-09-26T03:34:00Z
4,O2+,2023-09-26T03:39:00Z,2023-09-26T03:44:00Z
4,O2+,2023-09-26T03:55:00Z,2023-09-26T04:01:00Z
4,O2+,2023-09-26T04:07:00Z,2023-09-26T04:14:00Z
4,O2+,2023-09-27T07:54:00Z,2023-09-27T07:59:00Z
4,O2+,2023-09-27T22:30:00Z,2023-09-27T22:40:00Z
4,O2+,2023-09-28T12:04:00Z,2023-09-28T12:09:00Z
4,O2+,2023-09-28T12:10:00Z,2023-09-28T12:15:00Z
4,O2+,2023-09-28T12:29:00Z,2023-09-28T12:37:00Z
4,O2+,2023-09-28T19:09:00Z,2023-09-28T19:14:00Z
4,O2+,2023-09-28T19:26:00Z,2023-09-28T19:31:00Z
4,O2+,2023-09-30T06:34:00Z,2023-09-30T06:43:00Z
4,O2+,2023-09-30T06:47:00Z,2023-09-30T06:57:00Z
4,O2+,2023-10-01T03:48:00Z,2023-10-01T03:57:00Z
4,O2+,2023-10-01T04:08:00Z,2023-10-01T04:17:00Z
4,O2+,2023-10-01T11:36:00Z,2023-10-01T11:44:00Z
4,O2+,2023-10-02T16:05:00Z,2023-10-02T16:10:00Z
4,O2+,2023-10-04T16:45:00Z,2023-10-04T16:52:00Z
4,O2+,2023-10-06T11:24:00Z,2023-10-06T11:29:00Z
4,O2+,2023-10-06T18:19:00Z,2023-10-06T18:26:00Z
4,O2+,2023-10-06T18:27:00Z,2023-10-06T18:34:00Z
4,O2+,2023-10-06T18:36:00Z,2023-10-06T18:41:00Z
4,O2+,2023-10-06T18:44:00Z,2023-10-06T18:49:00Z
4,O2+,2023-10-07T22:43:00Z,2023-10-07T22:52:00Z
4,O2+,2023-10-07T22:56:00Z,2023-10-07T23:01:00Z
4,O2+,2023-10-07T23:02:00Z,2023-10-07T23:07:00Z
4,O2+,2023-10-09T17:15:00Z,2023-10-09T17:20:00Z
4,O2+,2023-10-09T17:50:00Z,2023-10-09T17:56:00Z
4,O2+,2023-10-10T15:02:00Z,2023-10-10T15:08:00Z
4,O2+,2023-10-10T21:24:00Z,2023-10-10T21:34:00Z
4,O2+,2023-10-10T22:16:00Z,2023-10-10T22:22:00Z
4,O2+,2023-10-12T01:45:00Z,2023-10-12T01:51:00Z
4,O2+,2023-10-12T02:00:00Z,2023-10-12T02:05:00Z
4,O2+,2023-10-12T02:09:00Z,2023-10-12T02:14:00Z
4,O2+,2023-10-12T15:55:00Z,2023-10-12T16:03:00Z
4,O2+,2023-10-12T16:04:00Z,2023-10-12T16:10:00Z
4,O2+,2023-10-13T13:34:00Z,2023-10-13T13:39:00Z
4,O2+,2023-10-13T14:01:00Z,2023-10-13T14:06:00Z
4,O2+,2023-10-13T20:13:00Z,2023-10-13T20:23:00Z
4,O2+,2023-10-13T20:30:00Z,2023-10-13T20:35:00Z
4,O2+,2023-10-15T14:59:00Z,2023-10-15T15:05:00Z
4,O2+,2023-10-15T15:31:00Z,2023-10-15T15:36:00Z
4,O2+,2023-10-17T16:16:00Z,2023-10-17T16:23:00Z
4,O2+,2023-10-17T16:26:00Z,2023-10-17T16:34:00Z
4,O2+,2023-10-17T16:35:00Z,2023-10-17T16:43:00Z
4,O2+,2023-10-17T17:08:00Z,2023-10-17T17:15:00Z
4,O2+,2023-10-17T23:21:00Z,2023-10-17T23:31:00Z
4,O2+,2023-10-17T23:35:00Z,2023-10-17T23:42:00Z
4,O2+,2023-10-17T23:43:00Z,2023-10-17T23:52:00Z
4,O2+,2023-10-18T00:01:00Z,2023-10-18T00:08:00Z
4,O2+,2023-10-18T13:31:00Z,2023-10-18T13:37:00Z
4,O2+,2023-10-18T13:41:00Z,2023-10-18T13:50:00Z
4,O2+,2023-10-20T07:59:00Z,2023-10-20T08:05:00Z
4,O2+,2023-10-21T05:13:00Z,2023-10-21T05:18:00Z
4,O2+,2023-10-21T06:02:00Z,2023-10-21T06:08:00Z
4,O2+,2023-10-21T19:40:00Z,2023-10-21T19:45:00Z
4,O2+,2023-10-21T20:12:00Z,2023-10-21T20:17:00Z
4,O2+,2023-10-22T16:40:00Z,2023-10-22T16:45:00Z
4,O2+,2023-10-22T17:00:00Z,2023-10-22T17:10:00Z
4,O2+,2023-10-22T17:20:00Z,2023-10-22T17:25:00Z
4,O2+,2023-10-22T17:28:00Z,2023-10-22T17:35:00Z
4,O2+,2023-10-22T23:43:00Z,2023-10-22T23:53:00Z
4,O2+,2023-10-23T00:01:00Z,2023-10-23T00:11:00Z
4,O2+,2023-10-23T00:19:00Z,2023-10-23T00:27:00Z
4,O2+,2023-10-23T00:28:00Z,2023-10-23T00:35:00Z
4,O2+,2023-10-23T00:36:00Z,2023-10-23T00:42:00Z
4,O2+,2023-10-23T14:36:00Z,2023-10-23T14:41:00Z
4,O2+,2023-10-23T20:57:00Z,2023-10-23T21:06:00Z
4,O2+,2023-10-23T21:13:00Z,2023-10-23T21:19:00Z
4,O2+,2023-10-23T21:52:00Z,2023-10-23T21:57:00Z
4,O2+,2023-10-24T11:11:00Z,2023-10-24T11:21:00Z
4,O2+,2023-10-24T11:21:00Z,2023-10-24T11:28:00Z
4,O2+,2023-10-24T11:30:00Z,2023-10-24T11:40:00Z
4,O2+,2023-10-24T11:42:00Z,2023-10-24T11:47:00Z
4,O2+,2023-10-24T11:48:00Z,2023-10-24T11:56:00Z
4,O2+,2023-10-24T11:57:00Z,2023-10-24T12:06:00Z
4,O2+,2023-10-24T18:26:00Z,2023-10-24T18:31:00Z
4,O2+,2023-10-25T01:27:00Z,2023-10-25T01:33:00Z
4,O2+,2023-10-25T01:34:00Z,2023-10-25T01:40:00Z
4,O2+,2023-10-25T15:26:00Z,2023-10-25T15:36:00Z
4,O2+,2023-10-27T02:50:00Z,2023-10-27T02:55:00Z
4,O2+,2023-10-27T02:56:00Z,2023-10-27T03:01:00Z
4,O2+,2023-10-27T10:26:00Z,2023-10-27T10:32:00Z
4,O2+,2023-10-29T04:40:00Z,2023-10-29T04:45:00Z
4,O2+,2023-10-30T01:40:00Z,2023-10-30T01:49:00Z
4,O2+,2023-12-01T19:53:00Z,2023-12-01T20:03:00Z
4,O2+,2023-12-01T20:06:00Z,2023-12-01T20:11:00Z
4,O2+,2023-12-01T20:19:00Z,2023-12-01T20:24:00Z
4,O2+,2023-12-01T20:25:00Z,2023-12-01T20:32:00Z
4,O2+,2023-12-02T09:43:00Z,2023-12-02T09:48:00Z
4,O2+,2023-12-02T17:10:00Z,2023-12-02T17:15:00Z
4,O2+,2023-12-02T23:52:00Z,2023-12-03T00:00:00Z
4,O2+,2023-12-03T00:18:00Z,2023-12-03T00:23:00Z
4,O2+,2023-12-03T14:01:00Z,2023-12-03T14:09:00Z
4,O2+,2023-12-03T14:17:00Z,2023-12-03T14:22:00Z
4,O2+,2023-12-04T18:26:00Z,2023-12-04T18:31:00Z
4,O2+,2023-12-05T08:30:00Z,2023-12-05T08:37:00Z
4,O2+,2023-12-05T08:42:00Z,2023-12-05T08:48:00Z
4,O2+,2023-12-06T12:48:00Z,2023-12-06T12:56:00Z
4,O2+,2023-12-08T21:56:00Z,2023-12-08T22:01:00Z
4,O2+,2023-12-10T23:13:00Z,2023-12-10T23:21:00Z
4,O2+,2023-12-13T07:41:00Z,2023-12-13T07:51:00Z
4,O2+,2023-12-14T04:58:00Z,2023-12-14T05:04:00Z
4,O2+,2023-12-15T16:20:00Z,2023-12-15T16:29:00Z
4,O2+,2023-12-15T16:30:00Z,2023-12-15T16:36:00Z
4,O2+,2023-12-15T23:36:00Z,2023-12-15T23:41:00Z
4,O2+,2023-12-18T01:04:00Z,2023-12-18T01:10:00Z
4,O2+,2023-12-18T08:03:00Z,2023-12-18T08:08:00Z
4,O2+,2023-12-19T19:25:00Z,2023-12-19T19:34:00Z
4,O2+,2023-12-22T18:17:00Z,2023-12-22T18:23:00Z
4,O2+,2023-12-23T22:36:00Z,2023-12-23T22:46:00Z
4,O2+,2023-12-23T22:54:00Z,2023-12-23T23:04:00Z
4,O2+,2023-12-25T02:55:00Z,2023-12-25T03:05:00Z
4,O2+,2023-12-25T10:01:00Z,2023-12-25T10:08:00Z
4,O2+,2023-12-26T14:33:00Z,2023-12-26T14:43:00Z
4,O2+,2023-12-28T15:52:00Z,2023-12-28T16:00:00Z
4,O2+,2023-12-28T16:26:00Z,2023-12-28T16:31:00Z
4,O2+,2023-12-28T22:56:00Z,2023-12-28T23:06:00Z
4,O2+,2023-12-29T06:31:00Z,2023-12-29T06:36:00Z
4,O2+,2023-12-30T17:24:00Z,2023-12-30T17:30:00Z
4,O2+,2023-12-30T17:32:00Z,2023-12-30T17:42:00Z
4,O2+,2023-12-30T17:53:00Z,2023-12-30T17:58:00Z
4,O2+,2023-12-30T18:13:00Z,2023-12-30T18:20:00Z
4,O2+,2023-12-31T21:44:00Z,2023-12-31T21:54:00Z
4,O2+,2024-01-02T23:29:00Z,2024-01-02T23:38:00Z
4,O2+,2024-01-05T00:52:00Z,2024-01-05T01:02:00Z
4,O2+,2024-01-05T01:18:00Z,2024-01-05T01:24:00Z
4,O2+,2024-01-05T01:38:00Z,2024-01-05T01:43:00Z
4,O2+,2024-01-07T17:24:00Z,2024-01-07T17:33:00Z
4,O2+,2024-01-07T23:39:00Z,2024-01-07T23:49:00Z
4,O2+,2024-01-08T07:16:00Z,2024-01-08T07:21:00Z
4,O2+,2024-01-08T20:58:00Z,2024-01-08T21:08:00Z
4,O2+,2024-01-10T01:19:00Z,2024-01-10T01:29:00Z
4,O2+,2024-01-10T15:41:00Z,2024-01-10T15:46:00Z
4,O2+,2024-01-10T22:29:00Z,2024-01-10T22:37:00Z
4,O2+,2024-01-11T05:33:00Z,2024-01-11T05:42:00Z
4,O2+,2024-01-11T05:43:00Z,2024-01-11T05:48:00Z
4,O2+,2024-01-11T05:53:00Z,2024-01-11T05:58:00Z
4,O2+,2024-01-11T05:59:00Z,2024-01-11T06:05:00Z
4,O2+,2024-01-11T19:42:00Z,2024-01-11T19:47:00Z
4,O2+,2024-01-11T19:48:00Z,2024-01-11T19:53:00Z
4,O2+,2024-01-13T00:03:00Z,2024-01-13T00:09:00Z
4,O2+,2024-01-13T00:19:00Z,2024-01-13T00:24:00Z
4,O2+,2024-01-15T01:41:00Z,2024-01-15T01:50:00Z
4,O2+,2024-01-15T01:56:00Z,2024-01-15T02:04:00Z
4,O2+,2024-01-15T23:03:00Z,2024-01-15T23:10:00Z
4,O2+,2024-01-16T05:56:00Z,2024-01-16T06:04:00Z
4,O2+,2024-01-16T06:12:00Z,2024-01-16T06:18:00Z
4,O2+,2024-01-16T13:01:00Z,2024-01-16T13:11:00Z
4,O2+,2024-01-18T00:24:00Z,2024-01-18T00:29:00Z
4,O2+,2024-01-18T14:49:00Z,2024-01-18T14:54:00Z
4,O2+,2024-01-19T05:10:00Z,2024-01-19T05:15:00Z
4,O2+,2024-01-20T16:13:00Z,2024-01-20T16:19:00Z
4,O2+,2024-01-20T16:22:00Z,2024-01-20T16:29:00Z
4,O2+,2024-01-20T16:40:00Z,2024-01-20T16:46:00Z
4,O2+,2024-01-22T17:46:00Z,2024-01-22T17:54:00Z
4,O2+,2024-01-23T01:09:00Z,2024-01-23T01:16:00Z
4,O2+,2024-01-23T22:00:00Z,2024-01-23T22:10:00Z
4,O2+,2024-01-24T19:15:00Z,2024-01-24T19:20:00Z
4,O2+,2024-01-24T19:32:00Z,2024-01-24T19:38:00Z
4,O2+,2024-01-25T02:21:00Z,2024-01-25T02:27:00Z
4,O2+,2024-01-25T16:40:00Z,2024-01-25T16:45:00Z
4,O2+,2024-01-25T16:56:00Z,2024-01-25T17:06:00Z
4,O2+,2024-01-26T07:04:00Z,2024-01-26T07:09:00Z
4,O2+,2024-01-27T03:58:00Z,2024-01-27T04:06:00Z
4,O2+,2024-01-27T11:25:00Z,2024-01-27T11:35:00Z
4,O2+,2024-01-28T01:08:00Z,2024-01-28T01:18:00Z
4,O2+,2024-01-28T01:23:00Z,2024-01-28T01:28:00Z
4,O2+,2024-01-28T01:41:00Z,2024-01-28T01:48:00Z
4,O2+,2024-01-28T08:18:00Z,2024-01-28T08:26:00Z
4,O2+,2024-01-28T08:27:00Z,2024-01-28T08:36:00Z
4,O2+,2024-01-28T22:32:00Z,2024-01-28T22:40:00Z
4,O2+,2024-01-28T23:11:00Z,2024-01-28T23:16:00Z
4,O2+,2024-01-29T19:38:00Z,2024-01-29T19:43:00Z
4,O2+,2024-01-30T02:44:00Z,2024-01-30T02:49:00Z
4,O2+,2024-02-02T01:48:00Z,2024-02-02T01:53:00Z
4,O2+,2024-02-02T16:07:00Z,2024-02-02T16:13:00Z
4,O2+,2024-02-04T17:37:00Z,2024-02-04T17:43:00Z
4,O2+,2024-02-05T00:19:00Z,2024-02-05T00:25:00Z
4,O2+,2024-02-05T00:31:00Z,2024-02-05T00:39:00Z
4,O2+,2024-02-06T12:37:00Z,2024-02-06T12:42:00Z
4,O2+,2024-02-06T18:47:00Z,2024-02-06T18:57:00Z
4,O2+,2024-02-06T18:58:00Z,2024-02-06T19:04:00Z
4,O2+,2024-02-07T02:16:00Z,2024-02-07T02:26:00Z
4,O2+,2024-02-07T16:03:00Z,2024-02-07T16:11:00Z
4,O2+,2024-02-07T23:07:00Z,2024-02-07T23:14:00Z
4,O2+,2024-02-08T20:25:00Z,2024-02-08T20:32:00Z
4,O2+,2024-02-08T20:33:00Z,2024-02-08T20:39:00Z
4,O2+,2024-02-09T04:04:00Z,2024-02-09T04:09:00Z
4,O2+,2024-02-11T19:49:00Z,2024-02-11T19:55:00Z
4,O2+,2024-02-13T06:33:00Z,2024-02-13T06:39:00Z
4,O2+,2024-02-15T01:18:00Z,2024-02-15T01:28:00Z
4,O2+,2024-02-15T01:38:00Z,2024-02-15T01:44:00Z
4,O2+,2024-02-15T01:47:00Z,2024-02-15T01:52:00Z
4,O2+,2024-02-20T02:12:00Z,2024-02-20T02:17:00Z
4,O2+,2024-02-23T21:29:00Z,2024-02-23T21:37:00Z
4,O2+,2024-02-24T12:21:00Z,2024-02-24T12:27:00Z
4,O2+,2024-02-25T16:06:00Z,2024-02-25T16:14:00Z
4,O2+,2024-03-01T02:30:00Z,2024-03-01T02:35:00Z
4,O2+,2024-03-03T18:45:00Z,2024-03-03T18:50:00Z
4,O2+,2024-03-06T09:38:00Z,2024-03-06T09:45:00Z
4,O2+,2024-03-07T06:54:00Z,2024-03-07T07:02:00Z
4,O2+,2024-03-08T04:06:00Z,2024-03-08T04:13:00Z
4,O2+,2024-03-08T12:02:00Z,2024-03-08T12:07:00Z
4,O2+,2024-03-10T05:57:00Z,2024-03-10T06:02:00Z
4,O2+,2024-03-10T06:05:00Z,2024-03-10T06:10:00Z
4,O2+,2024-03-10T19:51:00Z,2024-03-10T19:58:00Z
4,O2+,2024-03-11T17:06:00Z,2024-03-11T17:16:00Z
4,O2+,2024-03-11T17:16:00Z,2024-03-11T17:21:00Z
4,O2+,2024-03-12T00:34:00Z,2024-03-12T00:41:00Z
4,O2+,2024-03-13T19:06:00Z,2024-03-13T19:11:00Z
4,O2+,2024-03-14T23:00:00Z,2024-03-14T23:05:00Z
4,O2+,2024-03-16T10:23:00Z,2024-03-16T10:30:00Z
4,O2+,2024-04-07T06:30:00Z,2024-04-07T06:37:00Z
4,O2+,2024-04-07T13:28:00Z,2024-04-07T13:35:00Z
4,O2+,2024-04-09T00:54:00Z,2024-04-09T01:03:00Z
4,O2+,2024-04-12T06:48:00Z,2024-04-12T06:55:00Z
4,O2+,2024-04-14T22:30:00Z,2024-04-14T22:36:00Z
4,O2+,2024-04-15T19:44:00Z,2024-04-15T19:49:00Z
4,O2+,2024-04-20T13:08:00Z,2024-04-20T13:13:00Z
4,O2+,2024-04-20T20:11:00Z,2024-04-20T20:16:00Z
4,O2+,2024-04-24T16:15:00Z,2024-04-24T16:21:00Z
4,O2+,2024-04-25T14:19:00Z,2024-04-25T14:26:00Z
4,O2+,2024-05-07T09:26:00Z,2024-05-07T09:33:00Z
4,O2+,2024-05-09T03:54:00Z,2024-05-09T03:59:00Z
4,O2+,2024-05-10T22:09:00Z,2024-05-10T22:15:00Z
4,O2+,2024-05-12T02:08:00Z,2024-05-12T02:14:00Z
4,O2+,2024-05-12T02:15:00Z,2024-05-12T02:21:00Z
4,O2+,2024-05-19T18:35:00Z,2024-05-19T18:40:00Z
4,O2+,2024-05-20T22:36:00Z,2024-05-20T22:41:00Z
4,O2+,2024-06-10T07:56:00Z,2024-06-10T08:05:00Z
4,O2+,2024-06-23T07:42:00Z,2024-06-23T07:48:00Z
4,O2+,2024-06-26T19:51:00Z,2024-06-26T19:56:00Z
4,O2+,2024-06-26T19:56:00Z,2024-06-26T20:06:00Z
4,O2+,2024-06-28T21:23:00Z,2024-06-28T21:29:00Z
4,O2+,2024-07-03T21:49:00Z,2024-07-03T21:55:00Z
4,O2+,2024-07-03T22:01:00Z,2024-07-03T22:07:00Z
4,O2+,2024-07-08T22:11:00Z,2024-07-08T22:19:00Z
4,O2+,2024-07-10T23:46:00Z,2024-07-10T23:54:00Z
4,O2+,2024-07-11T14:01:00Z,2024-07-11T14:07:00Z
4,O2+,2024-07-11T21:30:00Z,2024-07-11T21:35:00Z
4,O2+,2024-07-12T11:13:00Z,2024-07-12T11:23:00Z
4,O2+,2024-07-12T11:24:00Z,2024-07-12T11:31:00Z
4,O2+,2024-07-12T11:32:00Z,2024-07-12T11:38:00Z
4,O2+,2024-07-13T08:52:00Z,2024-07-13T08:57:00Z
4,O2+,2024-07-14T20:09:00Z,2024-07-14T20:14:00Z
4,O2+,2024-07-16T14:54:00Z,2024-07-16T14:59:00Z
4,O2+,2024-07-16T21:44:00Z,2024-07-16T21:54:00Z
4,O2+,2024-07-16T22:12:00Z,2024-07-16T22:18:00Z
4,O2+,2024-07-17T04:28:00Z,2024-07-17T04:36:00Z
4,O2+,2024-07-17T04:37:00Z,2024-07-17T04:43:00Z
4,O2+,2024-07-17T04:54:00Z,2024-07-17T05:00:00Z
4,O2+,2024-07-17T05:01:00Z,2024-07-17T05:08:00Z
4,O2+,2024-07-17T12:06:00Z,2024-07-17T12:12:00Z
4,O2+,2024-07-17T18:37:00Z,2024-07-17T18:42:00Z
4,O2+,2024-07-17T18:49:00Z,2024-07-17T18:59:00Z
4,O2+,2024-07-17T19:11:00Z,2024-07-17T19:18:00Z
4,O2+,2024-07-17T19:20:00Z,2024-07-17T19:30:00Z
4,O2+,2024-07-18T01:49:00Z,2024-07-18T01:59:00Z
4,O2+,2024-07-18T02:34:00Z,2024-07-18T02:39:00Z
4,O2+,2024-07-18T09:24:00Z,2024-07-18T09:30:00Z
4,O2+,2024-07-18T16:11:00Z,2024-07-18T16:21:00Z
4,O2+,2024-07-18T16:26:00Z,2024-07-18T16:36:00Z
4,O2+,2024-07-18T16:36:00Z,2024-07-18T16:46:00Z
4,O2+,2024-07-18T23:31:00Z,2024-07-18T23:41:00Z
4,O2+,2024-07-18T23:41:00Z,2024-07-18T23:46:00Z
4,O2+,2024-07-18T23:47:00Z,2024-07-18T23:57:00Z
4,O2+,2024-07-19T06:54:00Z,2024-07-19T07:02:00Z
4,O2+,2024-07-20T03:19:00Z,2024-07-20T03:24:00Z
4,O2+,2024-07-20T03:26:00Z,2024-07-20T03:36:00Z
4,O2+,2024-07-20T03:39:00Z,2024-07-20T03:49:00Z
4,O2+,2024-07-20T03:51:00Z,2024-07-20T04:01:00Z
4,O2+,2024-07-20T04:07:00Z,2024-07-20T04:12:00Z
4,O2+,2024-07-20T10:33:00Z,2024-07-20T10:40:00Z
4,O2+,2024-07-20T11:07:00Z,2024-07-20T11:13:00Z
4,O2+,2024-07-20T11:14:00Z,2024-07-20T11:22:00Z
4,O2+,2024-07-20T17:28:00Z,2024-07-20T17:37:00Z
4,O2+,2024-07-20T18:15:00Z,2024-07-20T18:25:00Z
4,O2+,2024-07-21T01:26:00Z,2024-07-21T01:32:00Z
4,O2+,2024-07-21T07:37:00Z,2024-07-21T07:42:00Z
4,O2+,2024-07-21T07:58:00Z,2024-07-21T08:03:00Z
4,O2+,2024-07-21T08:05:00Z,2024-07-21T08:10:00Z
4,O2+,2024-07-21T08:13:00Z,2024-07-21T08:19:00Z
4,O2+,2024-07-21T08:29:00Z,2024-07-21T08:37:00Z
4,O2+,2024-07-21T14:47:00Z,2024-07-21T14:55:00Z
4,O2+,2024-07-21T14:58:00Z,2024-07-21T15:06:00Z
4,O2+,2024-07-21T15:14:00Z,2024-07-21T15:24:00Z
4,O2+,2024-07-21T15:36:00Z,2024-07-21T15:41:00Z
4,O2+,2024-07-21T21:49:00Z,2024-07-21T21:57:00Z
4,O2+,2024-07-21T22:00:00Z,2024-07-21T22:06:00Z
4,O2+,2024-07-21T22:09:00Z,2024-07-21T22:18:00Z
4,O2+,2024-07-21T22:23:00Z,2024-07-21T22:33:00Z
4,O2+,2024-07-21T22:36:00Z,2024-07-21T22:46:00Z
4,O2+,2024-07-22T05:20:00Z,2024-07-22T05:26:00Z
4,O2+,2024-07-22T05:35:00Z,2024-07-22T05:40:00Z
4,O2+,2024-07-22T05:45:00Z,2024-07-22T05:51:00Z
4,O2+,2024-07-22T12:02:00Z,2024-07-22T12:07:00Z
4,O2+,2024-07-22T12:08:00Z,2024-07-22T12:18:00Z
4,O2+,2024-07-22T12:24:00Z,2024-07-22T12:29:00Z
4,O2+,2024-07-22T19:11:00Z,2024-07-22T19:16:00Z
4,O2+,2024-07-22T19:16:00Z,2024-07-22T19:26:00Z
4,O2+,2024-07-22T19:27:00Z,2024-07-22T19:32:00Z
4,O2+,2024-07-22T19:39:00Z,2024-07-22T19:45:00Z
4,O2+,2024-07-22T19:47:00Z,2024-07-22T19:55:00Z
4,O2+,2024-07-22T19:58:00Z,2024-07-22T20:04:00Z
4,O2+,2024-07-24T06:31:00Z,2024-07-24T06:39:00Z
4,O2+,2024-07-24T06:47:00Z,2024-07-24T06:57:00Z
4,O2+,2024-07-24T07:05:00Z,2024-07-24T07:10:00Z
4,O2+,2024-07-24T13:37:00Z,2024-07-24T13:47:00Z
4,O2+,2024-07-24T13:53:00Z,2024-07-24T13:58:00Z
4,O2+,2024-07-24T13:59:00Z,2024-07-24T14:04:00Z
4,O2+,2024-07-24T14:06:00Z,2024-07-24T14:16:00Z
4,O2+,2024-07-24T20:57:00Z,2024-07-24T21:03:00Z
4,O2+,2024-07-24T21:04:00Z,2024-07-24T21:14:00Z
4,O2+,2024-07-25T03:46:00Z,2024-07-25T03:52:00Z
4,O2+,2024-07-25T03:57:00Z,2024-07-25T04:04:00Z
4,O2+,2024-07-25T04:29:00Z,2024-07-25T04:39:00Z
4,O2+,2024-07-25T17:54:00Z,2024-07-25T18:04:00Z
4,O2+,2024-07-25T18:05:00Z,2024-07-25T18:14:00Z
4,O2+,2024-07-25T18:14:00Z,2024-07-25T18:24:00Z
4,O2+,2024-07-25T18:24:00Z,2024-07-25T18:34:00Z
4,O2+,2024-07-25T18:40:00Z,2024-07-25T18:50:00Z
4,O2+,2024-07-26T00:58:00Z,2024-07-26T01:06:00Z
4,O2+,2024-07-26T01:11:00Z,2024-07-26T01:16:00Z
4,O2+,2024-07-26T01:21:00Z,2024-07-26T01:26:00Z
4,O2+,2024-07-26T01:39:00Z,2024-07-26T01:44:00Z
4,O2+,2024-07-26T08:45:00Z,2024-07-26T08:52:00Z
4,O2+,2024-07-26T15:30:00Z,2024-07-26T15:38:00Z
4,O2+,2024-07-27T05:34:00Z,2024-07-27T05:39:00Z
4,O2+,2024-07-27T05:42:00Z,2024-07-27T05:47:00Z
4,O2+,2024-07-27T12:45:00Z,2024-07-27T12:52:00Z
4,O2+,2024-07-27T12:54:00Z,2024-07-27T13:00:00Z
4,O2+,2024-07-28T02:34:00Z,2024-07-28T02:44:00Z
4,O2+,2024-07-29T00:30:00Z,2024-07-29T00:35:00Z
4,O2+,2024-07-29T07:38:00Z,2024-07-29T07:45:00Z
4,O2+,2024-07-29T14:28:00Z,2024-07-29T14:33:00Z
4,O2+,2024-07-29T21:46:00Z,2024-07-29T21:56:00Z
4,O2+,2024-07-30T04:45:00Z,2024-07-30T04:50:00Z
4,O2+,2024-07-31T01:23:00Z,2024-07-31T01:33:00Z
4,O2+,2024-07-31T01:34:00Z,2024-07-31T01:42:00Z
4,O2+,2024-07-31T01:54:00Z,2024-07-31T02:02:00Z
4,O2+,2024-07-31T08:46:00Z,2024-07-31T08:52:00Z
4,O2+,2024-07-31T09:15:00Z,2024-07-31T09:20:00Z
4,O2+,2024-07-31T22:45:00Z,2024-07-31T22:52:00Z
4,O2+,2024-07-31T22:54:00Z,2024-07-31T23:01:00Z
4,O2+,2024-08-01T06:23:00Z,2024-08-01T06:29:00Z
4,O2+,2024-08-01T19:57:00Z,2024-08-01T20:06:00Z
4,O2+,2024-08-01T20:13:00Z,2024-08-01T20:20:00Z
4,O2+,2024-08-02T03:46:00Z,2024-08-02T03:51:00Z
4,O2+,2024-08-02T10:51:00Z,2024-08-02T10:59:00Z
4,O2+,2024-08-03T21:27:00Z,2024-08-03T21:33:00Z
4,O2+,2024-08-04T05:05:00Z,2024-08-04T05:13:00Z
4,O2+,2024-08-04T05:19:00Z,2024-08-04T05:27:00Z
4,O2+,2024-08-04T11:32:00Z,2024-08-04T11:41:00Z
4,O2+,2024-08-04T12:02:00Z,2024-08-04T12:07:00Z
4,O2+,2024-08-05T23:01:00Z,2024-08-05T23:11:00Z
4,O2+,2024-08-06T06:06:00Z,2024-08-06T06:13:00Z
4,O2+,2024-08-06T06:26:00Z,2024-08-06T06:31:00Z
4,O2+,2024-08-06T06:31:00Z,2024-08-06T06:41:00Z
4,O2+,2024-08-06T06:42:00Z,2024-08-06T06:52:00Z
4,O2+,2024-08-06T13:12:00Z,2024-08-06T13:21:00Z
4,O2+,2024-08-06T13:21:00Z,2024-08-06T13:31:00Z
4,O2+,2024-08-06T13:35:00Z,2024-08-06T13:45:00Z
4,O2+,2024-08-06T13:45:00Z,2024-08-06T13:51:00Z
4,O2+,2024-08-06T13:56:00Z,2024-08-06T14:04:00Z
4,O2+,2024-08-06T20:17:00Z,2024-08-06T20:22:00Z
4,O2+,2024-08-06T20:53:00Z,2024-08-06T20:58:00Z
4,O2+,2024-08-06T20:59:00Z,2024-08-06T21:04:00Z
4,O2+,2024-08-06T21:07:00Z,2024-08-06T21:12:00Z
4,O2+,2024-08-07T03:22:00Z,2024-08-07T03:31:00Z
4,O2+,2024-08-07T03:31:00Z,2024-08-07T03:41:00Z
4,O2+,2024-08-07T03:41:00Z,2024-08-07T03:51:00Z
4,O2+,2024-08-07T03:51:00Z,2024-08-07T03:56:00Z
4,O2+,2024-08-07T03:57:00Z,2024-08-07T04:04:00Z
4,O2+,2024-08-07T10:25:00Z,2024-08-07T10:35:00Z
4,O2+,2024-08-07T11:14:00Z,2024-08-07T11:20:00Z
4,O2+,2024-08-08T00:36:00Z,2024-08-08T00:46:00Z
4,O2+,2024-08-08T00:46:00Z,2024-08-08T00:52:00Z
4,O2+,2024-08-08T00:56:00Z,2024-08-08T01:06:00Z
4,O2+,2024-08-08T01:11:00Z,2024-08-08T01:21:00Z
4,O2+,2024-08-08T01:23:00Z,2024-08-08T01:30:00Z
4,O2+,2024-08-08T14:46:00Z,2024-08-08T14:51:00Z
4,O2+,2024-08-08T15:06:00Z,2024-08-08T15:12:00Z
4,O2+,2024-08-08T15:19:00Z,2024-08-08T15:29:00Z
4,O2+,2024-08-09T05:33:00Z,2024-08-09T05:38:00Z
4,O2+,2024-08-09T12:02:00Z,2024-08-09T12:11:00Z
4,O2+,2024-08-09T12:15:00Z,2024-08-09T12:23:00Z
4,O2+,2024-08-09T12:33:00Z,2024-08-09T12:38:00Z
4,O2+,2024-08-09T19:07:00Z,2024-08-09T19:17:00Z
4,O2+,2024-08-10T02:12:00Z,2024-08-10T02:22:00Z
4,O2+,2024-08-10T02:43:00Z,2024-08-10T02:51:00Z
4,O2+,2024-08-10T03:00:00Z,2024-08-10T03:09:00Z
4,O2+,2024-08-10T10:02:00Z,2024-08-10T10:09:00Z
4,O2+,2024-08-10T16:21:00Z,2024-08-10T16:26:00Z
4,O2+,2024-08-10T16:43:00Z,2024-08-10T16:53:00Z
4,O2+,2024-08-10T16:56:00Z,2024-08-10T17:06:00Z
4,O2+,2024-08-10T23:40:00Z,2024-08-10T23:50:00Z
4,O2+,2024-08-11T00:10:00Z,2024-08-11T00:19:00Z
4,O2+,2024-08-11T06:54:00Z,2024-08-11T06:59:00Z
4,O2+,2024-08-11T14:09:00Z,2024-08-11T14:16:00Z
4,O2+,2024-08-11T21:13:00Z,2024-08-11T21:20:00Z
4,O2+,2024-08-11T21:26:00Z,2024-08-11T21:31:00Z
4,O2+,2024-08-11T21:33:00Z,2024-08-11T21:38:00Z
4,O2+,2024-08-12T11:11:00Z,2024-08-12T11:21:00Z
4,O2+,2024-08-12T11:36:00Z,2024-08-12T11:41:00Z
4,O2+,2024-08-12T11:42:00Z,2024-08-12T11:48:00Z
4,O2+,2024-08-12T18:18:00Z,2024-08-12T18:23:00Z
4,O2+,2024-08-12T18:24:00Z,2024-08-12T18:29:00Z
4,O2+,2024-08-12T18:43:00Z,2024-08-12T18:51:00Z
4,O2+,2024-08-13T15:43:00Z,2024-08-13T15:49:00Z
4,O2+,2024-08-13T15:51:00Z,2024-08-13T16:01:00Z
4,O2+,2024-08-14T05:28:00Z,2024-08-14T05:38:00Z
4,O2+,2024-08-14T05:43:00Z,2024-08-14T05:50:00Z
4,O2+,2024-08-14T05:50:00Z,2024-08-14T06:00:00Z
4,O2+,2024-08-14T06:02:00Z,2024-08-14T06:11:00Z
4,O2+,2024-08-15T02:43:00Z,2024-08-15T02:49:00Z
4,O2+,2024-08-15T02:51:00Z,2024-08-15T02:56:00Z
4,O2+,2024-08-15T03:02:00Z,2024-08-15T03:12:00Z
4,O2+,2024-08-15T03:12:00Z,2024-08-15T03:20:00Z
4,O2+,2024-08-15T03:23:00Z,2024-08-15T03:33:00Z
4,O2+,2024-08-15T16:54:00Z,2024-08-15T17:04:00Z
4,O2+,2024-08-15T17:08:00Z,2024-08-15T17:18:00Z
4,O2+,2024-08-15T17:26:00Z,2024-08-15T17:33:00Z
4,O2+,2024-08-15T17:39:00Z,2024-08-15T17:44:00Z
4,O2+,2024-08-15T23:59:00Z,2024-08-16T00:04:00Z
4,O2+,2024-08-16T00:40:00Z,2024-08-16T00:48:00Z
4,O2+,2024-08-16T21:56:00Z,2024-08-16T22:02:00Z
4,O2+,2024-08-17T04:28:00Z,2024-08-17T04:33:00Z
4,O2+,2024-08-17T11:17:00Z,2024-08-17T11:24:00Z
4,O2+,2024-08-18T01:22:00Z,2024-08-18T01:29:00Z
4,O2+,2024-08-18T01:30:00Z,2024-08-18T01:38:00Z
4,O2+,2024-08-18T01:39:00Z,2024-08-18T01:46:00Z
4,O2+,2024-08-18T01:58:00Z,2024-08-18T02:08:00Z
4,O2+,2024-08-18T08:29:00Z,2024-08-18T08:39:00Z
4,O2+,2024-08-18T08:40:00Z,2024-08-18T08:50:00Z
4,O2+,2024-08-18T08:50:00Z,2024-08-18T08:56:00Z
4,O2+,2024-08-18T08:59:00Z,2024-08-18T09:05:00Z
4,O2+,2024-08-18T09:06:00Z,2024-08-18T09:13:00Z
4,O2+,2024-08-18T09:16:00Z,2024-08-18T09:26:00Z
4,O2+,2024-08-19T19:53:00Z,2024-08-19T20:03:00Z
4,O2+,2024-08-19T20:07:00Z,2024-08-19T20:17:00Z
4,O2+,2024-08-19T20:18:00Z,2024-08-19T20:26:00Z
4,O2+,2024-08-19T20:28:00Z,2024-08-19T20:38:00Z
4,O2+,2024-08-19T20:38:00Z,2024-08-19T20:48:00Z
4,O2+,2024-08-20T10:26:00Z,2024-08-20T10:31:00Z
4,O2+,2024-08-20T10:35:00Z,2024-08-20T10:44:00Z
4,O2+,2024-08-20T17:06:00Z,2024-08-20T17:14:00Z
4,O2+,2024-08-20T17:20:00Z,2024-08-20T17:25:00Z
4,O2+,2024-08-20T17:32:00Z,2024-08-20T17:42:00Z
4,O2+,2024-08-20T17:43:00Z,2024-08-20T17:48:00Z
4,O2+,2024-08-21T00:19:00Z,2024-08-21T00:29:00Z
4,O2+,2024-08-21T00:33:00Z,2024-08-21T00:43:00Z
4,O2+,2024-08-21T07:18:00Z,2024-08-21T07:25:00Z
4,O2+,2024-08-21T15:00:00Z,2024-08-21T15:06:00Z
4,O2+,2024-08-21T15:07:00Z,2024-08-21T15:15:00Z
4,O2+,2024-08-21T21:35:00Z,2024-08-21T21:45:00Z
4,O2+,2024-08-22T12:23:00Z,2024-08-22T12:29:00Z
4,O2+,2024-08-24T20:42:00Z,2024-08-24T20:49:00Z
4,O2+,2024-08-24T20:52:00Z,2024-08-24T21:02:00Z
4,O2+,2024-08-25T04:16:00Z,2024-08-25T04:21:00Z
4,O2+,2024-08-25T10:47:00Z,2024-08-25T10:56:00Z
4,O2+,2024-08-25T11:14:00Z,2024-08-25T11:24:00Z
4,O2+,2024-09-04T04:14:00Z,2024-09-04T04:23:00Z
4,O2+,2024-09-04T18:22:00Z,2024-09-04T18:32:00Z
4,O2+,2024-09-05T01:43:00Z,2024-09-05T01:53:00Z
4,O2+,2024-09-06T13:24:00Z,2024-09-06T13:34:00Z
4,O2+,2024-09-06T13:39:00Z,2024-09-06T13:48:00Z
4,O2+,2024-09-07T10:47:00Z,2024-09-07T10:53:00Z
4,O2+,2024-09-07T10:56:00Z,2024-09-07T11:05:00Z
4,O2+,2024-09-08T01:08:00Z,2024-09-08T01:14:00Z
4,O2+,2024-09-08T21:29:00Z,2024-09-08T21:39:00Z
4,O2+,2024-09-08T21:40:00Z,2024-09-08T21:50:00Z
4,O2+,2024-09-09T18:51:00Z,2024-09-09T19:01:00Z
4,O2+,2024-09-09T19:09:00Z,2024-09-09T19:19:00Z
4,O2+,2024-09-10T01:47:00Z,2024-09-10T01:52:00Z
4,O2+,2024-09-10T01:53:00Z,2024-09-10T02:01:00Z
4,O2+,2024-09-10T02:11:00Z,2024-09-10T02:21:00Z
4,O2+,2024-09-10T08:54:00Z,2024-09-10T09:03:00Z
4,O2+,2024-09-10T09:03:00Z,2024-09-10T09:13:00Z
4,O2+,2024-09-10T09:39:00Z,2024-09-10T09:47:00Z
4,O2+,2024-09-10T15:56:00Z,2024-09-10T16:02:00Z
4,O2+,2024-09-11T06:09:00Z,2024-09-11T06:16:00Z
4,O2+,2024-09-11T06:16:00Z,2024-09-11T06:26:00Z
4,O2+,2024-09-25T17:12:00Z,2024-09-25T17:17:00Z
4,O2+,2024-09-26T07:28:00Z,2024-09-26T07:33:00Z
4,O2+,2024-10-06T01:04:00Z,2024-10-06T01:09:00Z
4,O2+,2024-10-06T01:14:00Z,2024-10-06T01:24:00Z
4,O2+,2024-10-06T08:24:00Z,2024-10-06T08:32:00Z
4,O2+,2024-10-06T08:32:00Z,2024-10-06T08:42:00Z
4,O2+,2024-10-06T15:22:00Z,2024-10-06T15:28:00Z
4,O2+,2024-10-06T15:29:00Z,2024-10-06T15:34:00Z
4,O2+,2024-10-06T22:19:00Z,2024-10-06T22:26:00Z
4,O2+,2024-10-07T05:25:00Z,2024-10-07T05:35:00Z
4,O2+,2024-10-07T06:15:00Z,2024-10-07T06:22:00Z
4,O2+,2024-10-08T10:06:00Z,2024-10-08T10:16:00Z
4,O2+,2024-10-10T11:20:00Z,2024-10-10T11:30:00Z
4,O2+,2024-10-10T11:34:00Z,2024-10-10T11:44:00Z
4,O2+,2024-10-10T11:48:00Z,2024-10-10T11:58:00Z
4,O2+,2024-10-10T11:58:00Z,2024-10-10T12:06:00Z
4,O2+,2024-10-10T12:06:00Z,2024-10-10T12:16:00Z
4,O2+,2024-10-10T18:27:00Z,2024-10-10T18:37:00Z
4,O2+,2024-10-10T18:37:00Z,2024-10-10T18:43:00Z
4,O2+,2024-10-10T18:44:00Z,2024-10-10T18:52:00Z
4,O2+,2024-10-10T18:52:00Z,2024-10-10T19:02:00Z
4,O2+,2024-10-10T19:02:00Z,2024-10-10T19:10:00Z
4,O2+,2024-10-10T19:13:00Z,2024-10-10T19:23:00Z
4,O2+,2024-10-11T01:44:00Z,2024-10-11T01:54:00Z
4,O2+,2024-10-11T01:56:00Z,2024-10-11T02:03:00Z
4,O2+,2024-10-13T17:14:00Z,2024-10-13T17:19:00Z
4,O2+,2024-10-15T04:37:00Z,2024-10-15T04:42:00Z
4,O2+,2024-10-15T04:44:00Z,2024-10-15T04:52:00Z
4,O2+,2024-10-15T05:08:00Z,2024-10-15T05:17:00Z
4,O2+,2024-10-15T11:52:00Z,2024-10-15T12:02:00Z
4,O2+,2024-10-17T06:26:00Z,2024-10-17T06:31:00Z
4,O2+,2024-10-19T21:57:00Z,2024-10-19T22:02:00Z
4,O2+,2024-10-19T22:03:00Z,2024-10-19T22:13:00Z
4,O2+,2024-10-20T05:07:00Z,2024-10-20T05:17:00Z
4,O2+,2024-10-20T05:18:00Z,2024-10-20T05:26:00Z
4,O2+,2024-10-20T05:26:00Z,2024-10-20T05:36:00Z
4,O2+,2024-10-20T05:37:00Z,2024-10-20T05:47:00Z
4,O2+,2024-10-20T05:52:00Z,2024-10-20T05:58:00Z
4,O2+,2024-10-20T12:51:00Z,2024-10-20T12:56:00Z
4,O2+,2024-10-21T02:25:00Z,2024-10-21T02:30:00Z
4,O2+,2024-10-21T02:41:00Z,2024-10-21T02:51:00Z
4,O2+,2024-10-21T09:23:00Z,2024-10-21T09:30:00Z
4,O2+,2024-10-21T09:30:00Z,2024-10-21T09:40:00Z
4,O2+,2024-10-21T09:51:00Z,2024-10-21T10:01:00Z
4,O2+,2024-10-21T10:01:00Z,2024-10-21T10:11:00Z
4,O2+,2024-10-25T05:47:00Z,2024-10-25T05:57:00Z
4,O2+,2024-10-25T05:57:00Z,2024-10-25T06:07:00Z
4,O2+,2024-10-25T06:11:00Z,2024-10-25T06:21:00Z
4,O2+,2024-10-26T23:58:00Z,2024-10-27T00:08:00Z
4,O2+,2024-10-27T00:12:00Z,2024-10-27T00:19:00Z
4,O2+,2024-10-27T00:20:00Z,2024-10-27T00:30:00Z
4,O2+,2024-10-28T04:18:00Z,2024-10-28T04:28:00Z
4,O2+,2024-10-28T04:31:00Z,2024-10-28T04:41:00Z
4,O2+,2024-10-28T04:41:00Z,2024-10-28T04:48:00Z
4,O2+,2024-10-28T04:49:00Z,2024-10-28T04:54:00Z
4,O2+,2024-10-28T05:05:00Z,2024-10-28T05:15:00Z
4,O2+,2024-10-29T01:45:00Z,2024-10-29T01:51:00Z
4,O2+,2024-10-29T08:35:00Z,2024-10-29T08:40:00Z
4,O2+,2024-10-29T09:07:00Z,2024-10-29T09:12:00Z
4,O2+,2024-10-29T09:12:00Z,2024-10-29T09:22:00Z
4,O2+,2024-10-29T09:24:00Z,2024-10-29T09:34:00Z
4,O2+,2024-10-30T05:52:00Z,2024-10-30T05:58:00Z
4,O2+,2024-11-01T21:40:00Z,2024-11-01T21:49:00Z
4,O2+,2024-11-02T12:23:00Z,2024-11-02T12:33:00Z
4,O2+,2024-11-02T12:34:00Z,2024-11-02T12:44:00Z
4,O2+,2024-11-03T01:58:00Z,2024-11-03T02:04:00Z
4,O2+,2024-11-03T16:07:00Z,2024-11-03T16:14:00Z
4,O2+,2024-11-03T16:59:00Z,2024-11-03T17:06:00Z
4,O2+,2024-11-04T00:06:00Z,2024-11-04T00:11:00Z
4,O2+,2024-11-04T07:01:00Z,2024-11-04T07:06:00Z
4,O2+,2024-11-04T13:24:00Z,2024-11-04T13:29:00Z
4,O2+,2024-11-04T21:03:00Z,2024-11-04T21:09:00Z
4,O2+,2024-11-05T18:18:00Z,2024-11-05T18:24:00Z
4,O2+,2024-11-05T18:28:00Z,2024-11-05T18:37:00Z
4,O2+,2024-11-06T00:50:00Z,2024-11-06T01:00:00Z
4,O2+,2024-11-06T01:00:00Z,2024-11-06T01:10:00Z
4,O2+,2024-11-06T01:28:00Z,2024-11-06T01:38:00Z
4,O2+,2024-11-06T01:38:00Z,2024-11-06T01:43:00Z
4,O2+,2024-11-06T22:44:00Z,2024-11-06T22:51:00Z
4,O2+,2024-11-07T05:21:00Z,2024-11-07T05:31:00Z
4,O2+,2024-11-07T05:36:00Z,2024-11-07T05:46:00Z
4,O2+,2024-11-07T05:48:00Z,2024-11-07T05:58:00Z
4,O2+,2024-11-07T05:58:00Z,2024-11-07T06:06:00Z
4,O2+,2024-11-07T12:28:00Z,2024-11-07T12:38:00Z
4,O2+,2024-11-07T12:38:00Z,2024-11-07T12:48:00Z
4,O2+,2024-11-07T12:49:00Z,2024-11-07T12:59:00Z
4,O2+,2024-11-07T13:00:00Z,2024-11-07T13:10:00Z
4,O2+,2024-11-07T19:27:00Z,2024-11-07T19:34:00Z
4,O2+,2024-11-07T19:42:00Z,2024-11-07T19:52:00Z
4,O2+,2024-11-08T02:50:00Z,2024-11-08T03:00:00Z
4,O2+,2024-11-08T03:02:00Z,2024-11-08T03:12:00Z
4,O2+,2024-11-08T03:15:00Z,2024-11-08T03:21:00Z
4,O2+,2024-11-08T09:42:00Z,2024-11-08T09:52:00Z
4,O2+,2024-11-08T16:31:00Z,2024-11-08T16:36:00Z
4,O2+,2024-11-08T17:11:00Z,2024-11-08T17:21:00Z
4,O2+,2024-11-09T14:18:00Z,2024-11-09T14:28:00Z
4,O2+,2024-11-09T14:29:00Z,2024-11-09T14:39:00Z
4,O2+,2024-11-10T11:46:00Z,2024-11-10T11:56:00Z
4,O2+,2024-11-12T13:05:00Z,2024-11-12T13:15:00Z
4,O2+,2024-11-12T13:28:00Z,2024-11-12T13:35:00Z
4,O2+,2024-11-12T19:50:00Z,2024-11-12T19:57:00Z
4,O2+,2024-11-13T03:06:00Z,2024-11-13T03:16:00Z
4,O2+,2024-11-13T03:35:00Z,2024-11-13T03:45:00Z
4,O2+,2024-11-13T17:29:00Z,2024-11-13T17:39:00Z
4,O2+,2024-11-13T17:40:00Z,2024-11-13T17:45:00Z
4,O2+,2024-11-14T07:51:00Z,2024-11-14T08:01:00Z
4,O2+,2024-11-14T15:00:00Z,2024-11-14T15:10:00Z
4,O2+,2024-11-19T00:25:00Z,2024-11-19T00:31:00Z
4,O2+,2024-11-19T07:42:00Z,2024-11-19T07:52:00Z
4,O2+,2024-11-19T21:57:00Z,2024-11-19T22:05:00Z
4,O2+,2024-11-20T05:00:00Z,2024-11-20T05:10:00Z
4,O2+,2024-11-20T19:34:00Z,2024-11-20T19:43:00Z
4,O2+,2024-11-21T23:18:00Z,2024-11-21T23:28:00Z
4,O2+,2024-11-21T23:32:00Z,2024-11-21T23:37:00Z
4,O2+,2024-11-21T23:39:00Z,2024-11-21T23:49:00Z
4,O2+,2024-11-21T23:49:00Z,2024-11-21T23:56:00Z
4,O2+,2024-11-22T00:10:00Z,2024-11-22T00:15:00Z
4,O2+,2024-11-22T13:53:00Z,2024-11-22T14:02:00Z
4,O2+,2024-11-22T14:02:00Z,2024-11-22T14:12:00Z
4,O2+,2024-11-22T20:31:00Z,2024-11-22T20:41:00Z
4,O2+,2024-11-22T20:43:00Z,2024-11-22T20:53:00Z
4,O2+,2024-11-22T21:06:00Z,2024-11-22T21:16:00Z
4,O2+,2024-11-22T21:17:00Z,2024-11-22T21:27:00Z
4,O2+,2024-11-23T03:34:00Z,2024-11-23T03:44:00Z
4,O2+,2024-11-23T03:47:00Z,2024-11-23T03:57:00Z
4,O2+,2024-11-23T04:09:00Z,2024-11-23T04:15:00Z
4,O2+,2024-11-23T04:26:00Z,2024-11-23T04:32:00Z
4,O2+,2024-11-23T10:40:00Z,2024-11-23T10:50:00Z
4,O2+,2024-11-23T10:50:00Z,2024-11-23T10:59:00Z
4,O2+,2024-11-23T10:59:00Z,2024-11-23T11:09:00Z
4,O2+,2024-11-23T11:09:00Z,2024-11-23T11:19:00Z
4,O2+,2024-11-23T11:19:00Z,2024-11-23T11:26:00Z
4,O2+,2024-11-23T11:27:00Z,2024-11-23T11:37:00Z
4,O2+,2024-11-24T07:56:00Z,2024-11-24T08:06:00Z
4,O2+,2024-11-24T08:06:00Z,2024-11-24T08:12:00Z
4,O2+,2024-11-24T08:12:00Z,2024-11-24T08:22:00Z
4,O2+,2024-11-24T08:23:00Z,2024-11-24T08:29:00Z
4,O2+,2024-11-24T15:45:00Z,2024-11-24T15:55:00Z
4,O2+,2024-11-24T22:02:00Z,2024-11-24T22:07:00Z
4,O2+,2024-11-24T22:08:00Z,2024-11-24T22:18:00Z
4,O2+,2024-11-24T22:18:00Z,2024-11-24T22:25:00Z
4,O2+,2024-11-24T22:25:00Z,2024-11-24T22:35:00Z
4,O2+,2024-11-24T22:37:00Z,2024-11-24T22:47:00Z
4,O2+,2024-11-24T22:51:00Z,2024-11-24T23:01:00Z
4,O2+,2024-11-25T05:39:00Z,2024-11-25T05:49:00Z
4,O2+,2024-11-25T05:49:00Z,2024-11-25T05:55:00Z
4,O2+,2024-11-27T20:57:00Z,2024-11-27T21:02:00Z
4,O2+,2024-11-27T21:02:00Z,2024-11-27T21:12:00Z
4,O2+,2024-11-28T04:11:00Z,2024-11-28T04:17:00Z
4,O2+,2024-11-28T04:24:00Z,2024-11-28T04:29:00Z
4,O2+,2024-11-29T02:05:00Z,2024-11-29T02:10:00Z
4,O2+,2024-11-29T08:50:00Z,2024-11-29T08:57:00Z
4,O2+,2024-11-29T15:27:00Z,2024-11-29T15:37:00Z
4,O2+,2024-11-29T15:37:00Z,2024-11-29T15:47:00Z
4,O2+,2024-11-29T15:47:00Z,2024-11-29T15:55:00Z
4,O2+,2024-11-29T15:56:00Z,2024-11-29T16:06:00Z
4,O2+,2024-11-29T16:06:00Z,2024-11-29T16:15:00Z
4,O2+,2024-11-29T16:16:00Z,2024-11-29T16:26:00Z
4,O2+,2024-11-29T23:23:00Z,2024-11-29T23:31:00Z
4,O2+,2024-12-02T22:00:00Z,2024-12-02T22:10:00Z
4,O2+,2024-12-04T02:23:00Z,2024-12-04T02:33:00Z
4,O2+,2024-12-04T09:33:00Z,2024-12-04T09:38:00Z
4,O2+,2024-12-06T11:05:00Z,2024-12-06T11:10:00Z
4,O2+,2024-12-06T11:10:00Z,2024-12-06T11:20:00Z
4,O2+,2024-12-07T07:35:00Z,2024-12-07T07:45:00Z
4,O2+,2024-12-07T07:47:00Z,2024-12-07T07:57:00Z
4,O2+,2024-12-07T08:11:00Z,2024-12-07T08:21:00Z
4,O2+,2024-12-07T08:21:00Z,2024-12-07T08:31:00Z
4,O2+,2024-12-07T14:44:00Z,2024-12-07T14:54:00Z
4,O2+,2024-12-07T14:54:00Z,2024-12-07T15:02:00Z
4,O2+,2024-12-07T15:02:00Z,2024-12-07T15:12:00Z
4,O2+,2024-12-07T15:26:00Z,2024-12-07T15:36:00Z
4,O2+,2024-12-07T15:36:00Z,2024-12-07T15:42:00Z
4,O2+,2024-12-07T21:47:00Z,2024-12-07T21:57:00Z
4,O2+,2024-12-07T21:57:00Z,2024-12-07T22:05:00Z
4,O2+,2024-12-08T05:45:00Z,2024-12-08T05:51:00Z
4,O2+,2024-12-08T19:50:00Z,2024-12-08T20:00:00Z
4,O2+,2024-12-11T11:04:00Z,2024-12-11T11:14:00Z
4,O2+,2024-12-15T21:09:00Z,2024-12-15T21:19:00Z
4,O2+,2024-12-16T11:56:00Z,2024-12-16T12:06:00Z
4,O2+,2024-12-17T01:34:00Z,2024-12-17T01:44:00Z
4,O2+,2024-12-17T08:28:00Z,2024-12-17T08:33:00Z
4,O2+,2024-12-17T09:16:00Z,2024-12-17T09:26:00Z
4,O2+,2024-12-17T16:20:00Z,2024-12-17T16:30:00Z
4,O2+,2024-12-17T23:14:00Z,2024-12-17T23:22:00Z
4,O2+,2024-12-17T23:22:00Z,2024-12-17T23:32:00Z
4,O2+,2024-12-18T05:45:00Z,2024-12-18T05:55:00Z
4,O2+,2024-12-18T05:55:00Z,2024-12-18T06:02:00Z
4,O2+,2024-12-18T06:03:00Z,2024-12-18T06:08:00Z
4,O2+,2024-12-18T06:27:00Z,2024-12-18T06:34:00Z
4,O2+,2024-12-18T12:58:00Z,2024-12-18T13:08:00Z
4,O2+,2024-12-18T13:08:00Z,2024-12-18T13:16:00Z
4,O2+,2024-12-18T13:16:00Z,2024-12-18T13:26:00Z
4,O2+,2024-12-18T19:55:00Z,2024-12-18T20:03:00Z
4,O2+,2024-12-18T20:07:00Z,2024-12-18T20:17:00Z
4,O2+,2024-12-18T20:42:00Z,2024-12-18T20:50:00Z
4,O2+,2024-12-27T21:39:00Z,2024-12-27T21:49:00Z
4,O2+,2024-12-27T21:50:00Z,2024-12-27T22:00:00Z
4,O2+,2024-12-28T04:34:00Z,2024-12-28T04:40:00Z
4,O2+,2024-12-28T05:07:00Z,2024-12-28T05:17:00Z
4,O2+,2024-12-28T19:30:00Z,2024-12-28T19:40:00Z
4,O2+,2024-12-29T08:52:00Z,2024-12-29T08:59:00Z
4,O2+,2024-12-29T23:41:00Z,2024-12-29T23:51:00Z
4,O2+,2024-12-30T06:29:00Z,2024-12-30T06:39:00Z
4,O2+,2024-12-30T06:44:00Z,2024-12-30T06:54:00Z
4,O2+,2024-12-30T13:20:00Z,2024-12-30T13:25:00Z
4,O2+,2025-01-01T17:34:00Z,2025-01-01T17:43:00Z
4,O2+,2025-01-02T08:32:00Z,2025-01-02T08:42:00Z
4,O2+,2025-01-23T01:40:00Z,2025-01-23T01:50:00Z
4,O2+,2025-01-23T09:38:00Z,2025-01-23T09:48:00Z
4,O2+,2025-01-25T00:34:00Z,2025-01-25T00:41:00Z
4,O2+,2025-01-27T15:07:00Z,2025-01-27T15:17:00Z
4,O2+,2025-01-27T15:17:00Z,2025-01-27T15:26:00Z
4,O2+,2025-01-30T05:44:00Z,2025-01-30T05:50:00Z
4,O2+,2025-01-31T12:47:00Z,2025-01-31T12:57:00Z
4,O2+,2025-01-31T12:57:00Z,2025-01-31T13:02:00Z
4,O2+,2025-02-02T03:53:00Z,2025-02-02T04:01:00Z
4,O2+,2025-02-02T11:31:00Z,2025-02-02T11:39:00Z
4,O2+,2025-02-02T19:41:00Z,2025-02-02T19:48:00Z
4,O2+,2025-02-03T03:11:00Z,2025-02-03T03:21:00Z
4,O2+,2025-02-05T09:46:00Z,2025-02-05T09:56:00Z
4,O2+,2025-02-05T17:31:00Z,2025-02-05T17:40:00Z
4,O2+,2025-02-06T01:34:00Z,2025-02-06T01:44:00Z
4,O2+,2025-02-06T09:17:00Z,2025-02-06T09:27:00Z
4,O2+,2025-02-06T09:27:00Z,2025-02-06T09:36:00Z
4,O2+,2025-02-07T08:46:00Z,2025-02-07T08:56:00Z
4,O2+,2025-02-08T00:17:00Z,2025-02-08T00:23:00Z
4,O2+,2025-02-08T00:34:00Z,2025-02-08T00:44:00Z
4,O2+,2025-02-09T07:43:00Z,2025-02-09T07:53:00Z
4,O2+,2025-02-09T07:53:00Z,2025-02-09T07:59:00Z
4,O2+,2025-02-09T15:17:00Z,2025-02-09T15:23:00Z
4,O2+,2025-02-09T15:23:00Z,2025-02-09T15:33:00Z
4,O2+,2025-02-09T23:26:00Z,2025-02-09T23:35:00Z
4,O2+,2025-02-10T06:54:00Z,2025-02-10T07:00:00Z
4,O2+,2025-02-10T07:01:00Z,2025-02-10T07:11:00Z
4,O2+,2025-02-10T15:10:00Z,2025-02-10T15:19:00Z
4,O2+,2025-02-13T13:26:00Z,2025-02-13T13:36:00Z
4,O2+,2025-02-14T04:54:00Z,2025-02-14T05:00:00Z
4,O2+,2025-02-14T05:00:00Z,2025-02-14T05:10:00Z
4,O2+,2025-02-14T12:31:00Z,2025-02-14T12:41:00Z
4,O2+,2025-02-14T12:41:00Z,2025-02-14T12:51:00Z
4,O2+,2025-02-14T20:19:00Z,2025-02-14T20:29:00Z
4,O2+,2025-02-14T20:29:00Z,2025-02-14T20:39:00Z
4,O2+,2025-02-14T20:39:00Z,2025-02-14T20:49:00Z
4,O2+,2025-02-15T04:11:00Z,2025-02-15T04:16:00Z
4,O2+,2025-02-15T04:27:00Z,2025-02-15T04:37:00Z
4,O2+,2025-02-15T19:43:00Z,2025-02-15T19:53:00Z
4,O2+,2025-02-16T03:44:00Z,2025-02-16T03:53:00Z
4,O2+,2025-02-16T03:54:00Z,2025-02-16T04:01:00Z
4,O2+,2025-02-17T10:45:00Z,2025-02-17T10:55:00Z
4,O2+,2025-02-18T10:16:00Z,2025-02-18T10:26:00Z
4,O2+,2025-02-18T10:27:00Z,2025-02-18T10:37:00Z
4,O2+,2025-02-18T10:37:00Z,2025-02-18T10:46:00Z
4,O2+,2025-02-20T01:35:00Z,2025-02-20T01:45:00Z
4,O2+,2025-02-20T09:09:00Z,2025-02-20T09:17:00Z
4,O2+,2025-02-20T17:07:00Z,2025-02-20T17:13:00Z
4,O2+,2025-02-20T17:13:00Z,2025-02-20T17:23:00Z
4,O2+,2025-02-21T00:45:00Z,2025-02-21T00:50:00Z
4,O2+,2025-02-21T01:00:00Z,2025-02-21T01:10:00Z
4,O2+,2025-02-21T01:10:00Z,2025-02-21T01:15:00Z
4,O2+,2025-02-22T08:05:00Z,2025-02-22T08:11:00Z
4,O2+,2025-02-22T08:21:00Z,2025-02-22T08:31:00Z
4,O2+,2025-02-22T23:57:00Z,2025-02-23T00:06:00Z
4,O2+,2025-02-23T07:25:00Z,2025-02-23T07:30:00Z
4,O2+,2025-02-23T07:30:00Z,2025-02-23T07:40:00Z
4,O2+,2025-02-23T07:40:00Z,2025-02-23T07:50:00Z
4,O2+,2025-02-23T15:23:00Z,2025-02-23T15:31:00Z
4,O2+,2025-02-24T15:01:00Z,2025-02-24T15:06:00Z
4,O2+,2025-02-24T22:37:00Z,2025-02-24T22:47:00Z
4,O2+,2025-02-25T06:27:00Z,2025-02-25T06:37:00Z
4,O2+,2025-02-25T06:37:00Z,2025-02-25T06:42:00Z
4,O2+,2025-02-25T21:49:00Z,2025-02-25T21:58:00Z
4,O2+,2025-02-25T22:08:00Z,2025-02-25T22:18:00Z
4,O2+,2025-02-26T05:38:00Z,2025-02-26T05:48:00Z
4,O2+,2025-02-26T13:48:00Z,2025-02-26T13:54:00Z
4,O2+,2025-02-27T05:05:00Z,2025-02-27T05:15:00Z
4,O2+,2025-02-27T05:17:00Z,2025-02-27T05:27:00Z
4,O2+,2025-03-01T04:00:00Z,2025-03-01T04:08:00Z
4,O2+,2025-03-01T04:18:00Z,2025-03-01T04:28:00Z
4,O2+,2025-03-01T12:11:00Z,2025-03-01T12:17:00Z
4,O2+,2025-03-01T19:52:00Z,2025-03-01T20:02:00Z
4,O2+,2025-03-02T11:16:00Z,2025-03-02T11:23:00Z
4,O2+,2025-03-02T19:04:00Z,2025-03-02T19:10:00Z
4,O2+,2025-03-02T19:10:00Z,2025-03-02T19:20:00Z
4,O2+,2025-03-02T19:24:00Z,2025-03-02T19:34:00Z
4,O2+,2025-03-03T03:02:00Z,2025-03-03T03:08:00Z
4,O2+,2025-03-03T18:28:00Z,2025-03-03T18:34:00Z
4,O2+,2025-03-04T02:19:00Z,2025-03-04T02:25:00Z
4,O2+,2025-03-04T18:02:00Z,2025-03-04T18:12:00Z
4,O2+,2025-03-05T09:28:00Z,2025-03-05T09:35:00Z
4,O2+,2025-03-06T01:13:00Z,2025-03-06T01:19:00Z
4,O2+,2025-03-06T09:11:00Z,2025-03-06T09:19:00Z
4,O2+,2025-03-06T09:19:00Z,2025-03-06T09:29:00Z
4,O2+,2025-03-07T00:37:00Z,2025-03-07T00:47:00Z
4,O2+,2025-03-07T00:47:00Z,2025-03-07T00:55:00Z
4,O2+,2025-03-07T08:37:00Z,2025-03-07T08:43:00Z
4,O2+,2025-03-07T16:16:00Z,2025-03-07T16:22:00Z
4,O2+,2025-03-07T16:22:00Z,2025-03-07T16:32:00Z
4,O2+,2025-03-07T16:32:00Z,2025-03-07T16:42:00Z
4,O2+,2025-03-08T00:04:00Z,2025-03-08T00:09:00Z
4,O2+,2025-03-08T00:21:00Z,2025-03-08T00:31:00Z
4,O2+,2025-03-08T07:52:00Z,2025-03-08T08:00:00Z
4,O2+,2025-03-08T08:00:00Z,2025-03-08T08:10:00Z
4,O2+,2025-03-08T15:52:00Z,2025-03-08T16:00:00Z
4,O2+,2025-03-10T14:38:00Z,2025-03-10T14:44:00Z
4,O2+,2025-03-11T06:04:00Z,2025-03-11T06:09:00Z
4,O2+,2025-03-11T13:52:00Z,2025-03-11T13:57:00Z
4,O2+,2025-03-11T14:07:00Z,2025-03-11T14:12:00Z
4,O2+,2025-03-11T21:40:00Z,2025-03-11T21:46:00Z
4,O2+,2025-03-14T04:29:00Z,2025-03-14T04:39:00Z
4,O2+,2025-03-14T12:15:00Z,2025-03-14T12:23:00Z
4,O2+,2025-03-14T20:13:00Z,2025-03-14T20:23:00Z
4,O2+,2025-03-15T04:00:00Z,2025-03-15T04:10:00Z
4,O2+,2025-03-15T04:10:00Z,2025-03-15T04:20:00Z
4,O2+,2025-03-15T19:45:00Z,2025-03-15T19:55:00Z
4,O2+,2025-03-16T11:03:00Z,2025-03-16T11:10:00Z
4,O2+,2025-03-16T11:10:00Z,2025-03-16T11:20:00Z
4,O2+,2025-03-18T02:11:00Z,2025-03-18T02:21:00Z
4,O2+,2025-03-18T02:21:00Z,2025-03-18T02:26:00Z
4,O2+,2025-03-18T10:04:00Z,2025-03-18T10:14:00Z
4,O2+,2025-03-18T18:12:00Z,2025-03-18T18:17:00Z
4,O2+,2025-03-19T01:35:00Z,2025-03-19T01:45:00Z
4,O2+,2025-03-19T01:45:00Z,2025-03-19T01:54:00Z
4,O2+,2025-03-19T09:23:00Z,2025-03-19T09:31:00Z
4,O2+,2025-03-19T09:31:00Z,2025-03-19T09:41:00Z
4,O2+,2025-03-19T09:43:00Z,2025-03-19T09:53:00Z
4,O2+,2025-03-20T01:00:00Z,2025-03-20T01:10:00Z
4,O2+,2025-03-20T01:23:00Z,2025-03-20T01:29:00Z
4,O2+,2025-03-22T15:43:00Z,2025-03-22T15:53:00Z
4,O2+,2025-03-22T15:55:00Z,2025-03-22T16:05:00Z
4,O2+,2025-03-23T14:59:00Z,2025-03-23T15:09:00Z
4,O2+,2025-03-23T15:23:00Z,2025-03-23T15:29:00Z
4,O2+,2025-03-23T23:06:00Z,2025-03-23T23:16:00Z
4,O2+,2025-03-24T22:32:00Z,2025-03-24T22:41:00Z
4,O2+,2025-03-25T21:54:00Z,2025-03-25T22:04:00Z
4,O2+,2025-03-27T20:43:00Z,2025-03-27T20:53:00Z
4,O2+,2025-03-28T04:11:00Z,2025-03-28T04:20:00Z
4,O2+,2025-03-28T04:30:00Z,2025-03-28T04:40:00Z
4,O2+,2025-03-28T12:11:00Z,2025-03-28T12:16:00Z
4,O2+,2025-03-28T20:10:00Z,2025-03-28T20:18:00Z
4,O2+,2025-03-29T04:07:00Z,2025-03-29T04:17:00Z
4,O2+,2025-03-29T11:39:00Z,2025-03-29T11:49:00Z
4,O2+,2025-03-29T19:23:00Z,2025-03-29T19:31:00Z
4,O2+,2025-03-30T10:59:00Z,2025-03-30T11:09:00Z
4,O2+,2025-03-30T11:19:00Z,2025-03-30T11:29:00Z
4,O2+,2025-03-30T18:47:00Z,2025-03-30T18:55:00Z
4,O2+,2025-03-30T18:55:00Z,2025-03-30T19:05:00Z
4,O2+,2025-03-30T19:05:00Z,2025-03-30T19:15:00Z
4,O2+,2025-03-31T02:35:00Z,2025-03-31T02:40:00Z
4,O2+,2025-03-31T10:23:00Z,2025-03-31T10:33:00Z
4,O2+,2025-03-31T18:11:00Z,2025-03-31T18:16:00Z
4,O2+,2025-03-31T18:29:00Z,2025-03-31T18:39:00Z
12,H+,2021-11-13T11:08:00Z,2021-11-13T11:14:00Z
12,H+,2021-11-26T17:46:00Z,2021-11-26T17:52:00Z
12,H+,2021-11-29T16:14:00Z,2021-11-29T16:24:00Z
12,H+,2021-11-30T13:24:00Z,2021-11-30T13:29:00Z
12,H+,2021-11-30T13:47:00Z,2021-11-30T13:53:00Z
12,H+,2022-03-05T05:41:00Z,2022-03-05T05:51:00Z
12,H+,2022-05-24T11:36:00Z,2022-05-24T11:46:00Z
12,H+,2022-06-03T13:12:00Z,2022-06-03T13:22:00Z
12,H+,2022-08-27T16:53:00Z,2022-08-27T17:02:00Z
12,H+,2022-09-20T14:05:00Z,2022-09-20T14:10:00Z
12,H+,2022-09-24T03:12:00Z,2022-09-24T03:19:00Z
12,H+,2022-10-02T09:16:00Z,2022-10-02T09:24:00Z
12,H+,2022-10-03T13:36:00Z,2022-10-03T13:43:00Z
12,H+,2023-07-04T12:47:00Z,2023-07-04T12:52:00Z
12,H+,2023-07-12T12:15:00Z,2023-07-12T12:20:00Z
12,H+,2023-08-01T20:12:00Z,2023-08-01T20:20:00Z
12,H+,2023-08-20T03:27:00Z,2023-08-20T03:36:00Z
12,H+,2023-09-05T01:38:00Z,2023-09-05T01:43:00Z
12,H+,2023-09-17T10:51:00Z,2023-09-17T10:59:00Z
12,H+,2023-12-04T15:02:00Z,2023-12-04T15:07:00Z
12,H+,2024-01-30T06:54:00Z,2024-01-30T06:59:00Z
12,H+,2024-03-08T07:49:00Z,2024-03-08T07:54:00Z
12,H+,2024-04-05T01:27:00Z,2024-04-05T01:32:00Z
12,H+,2024-06-04T20:21:00Z,2024-06-04T20:27:00Z
12,H+,2024-10-18T21:36:00Z,2024-10-18T21:43:00Z
12,H+,2024-11-23T07:35:00Z,2024-11-23T07:40:00Z
12,H+,2024-12-28T15:45:00Z,2024-12-28T15:55:00Z
12,H+,2025-01-01T07:38:00Z,2025-01-01T07:43:00Z
12,H+,2025-01-01T14:19:00Z,2025-01-01T14:25:00Z
12,H+,2025-01-01T21:36:00Z,2025-01-01T21:42:00Z
12,H+,2025-01-01T21:43:00Z,2025-01-01T21:48:00Z
12,H+,2025-01-23T05:40:00Z,2025-01-23T05:46:00Z
12,H+,2025-01-23T21:17:00Z,2025-01-23T21:22:00Z
12,H+,2025-01-23T21:26:00Z,2025-01-23T21:35:00Z
12,H+,2025-01-24T05:04:00Z,2025-01-24T05:11:00Z
12,H+,2025-01-24T05:13:00Z,2025-01-24T05:23:00Z
12,H+,2025-01-24T13:02:00Z,2025-01-24T13:07:00Z
12,H+,2025-01-24T20:51:00Z,2025-01-24T20:56:00Z
12,H+,2025-01-25T12:16:00Z,2025-01-25T12:26:00Z
12,H+,2025-01-25T12:27:00Z,2025-01-25T12:33:00Z
12,H+,2025-01-27T03:29:00Z,2025-01-27T03:35:00Z
12,H+,2025-01-27T03:39:00Z,2025-01-27T03:44:00Z
12,H+,2025-01-27T19:04:00Z,2025-01-27T19:09:00Z
12,H+,2025-01-27T19:11:00Z,2025-01-27T19:20:00Z
12,H+,2025-01-29T02:17:00Z,2025-01-29T02:22:00Z
12,H+,2025-02-07T20:38:00Z,2025-02-07T20:43:00Z
12,H+,2025-02-07T20:44:00Z,2025-02-07T20:53:00Z
12,H+,2025-02-17T22:57:00Z,2025-02-17T23:03:00Z
12,H+,2025-02-21T20:25:00Z,2025-02-21T20:31:00Z
12,H+,2025-02-22T12:14:00Z,2025-02-22T12:19:00Z
12,H+,2025-02-22T19:53:00Z,2025-02-22T19:58:00Z
12,H+,2025-02-22T19:59:00Z,2025-02-22T20:05:00Z
12,H+,2025-02-24T18:41:00Z,2025-02-24T18:49:00Z
12,H+,2025-02-24T18:54:00Z,2025-02-24T19:00:00Z
12,H+,2025-03-05T13:41:00Z,2025-03-05T13:51:00Z
12,H+,2025-03-05T21:43:00Z,2025-03-05T21:48:00Z
12,H+,2025-03-11T10:08:00Z,2025-03-11T10:13:00Z
12,H+,2025-03-16T15:23:00Z,2025-03-16T15:32:00Z
12,O+,2021-11-13T11:30:00Z,2021-11-13T11:35:00Z
12,O+,2021-11-29T02:01:00Z,2021-11-29T02:06:00Z
12,O+,2022-03-02T06:57:00Z,2022-03-02T07:04:00Z
12,O+,2022-03-21T18:07:00Z,2022-03-21T18:14:00Z
12,O+,2022-03-23T19:41:00Z,2022-03-23T19:47:00Z
12,O+,2022-03-27T22:43:00Z,2022-03-27T22:48:00Z
12,O+,2022-03-28T20:00:00Z,2022-03-28T20:06:00Z
12,O+,2022-04-04T00:39:00Z,2022-04-04T00:45:00Z
12,O+,2022-04-07T13:35:00Z,2022-04-07T13:42:00Z
12,O+,2022-04-08T10:51:00Z,2022-04-08T10:56:00Z
12,O+,2022-04-14T22:34:00Z,2022-04-14T22:39:00Z
12,O+,2022-04-15T12:42:00Z,2022-04-15T12:48:00Z
12,O+,2022-04-17T07:10:00Z,2022-04-17T07:16:00Z
12,O+,2022-04-18T11:30:00Z,2022-04-18T11:35:00Z
12,O+,2022-04-21T03:10:00Z,2022-04-21T03:17:00Z
12,O+,2022-04-23T11:48:00Z,2022-04-23T11:55:00Z
12,O+,2022-04-25T13:23:00Z,2022-04-25T13:28:00Z
12,O+,2022-04-26T03:30:00Z,2022-04-26T03:36:00Z
12,O+,2022-04-27T22:00:00Z,2022-04-27T22:05:00Z
12,O+,2022-04-29T16:29:00Z,2022-04-29T16:34:00Z
12,O+,2022-04-30T13:41:00Z,2022-04-30T13:48:00Z
12,O+,2022-05-01T03:51:00Z,2022-05-01T03:56:00Z
12,O+,2022-05-01T18:01:00Z,2022-05-01T18:07:00Z
12,O+,2022-05-04T09:43:00Z,2022-05-04T09:50:00Z
12,O+,2022-05-05T14:02:00Z,2022-05-05T14:07:00Z
12,O+,2022-05-07T01:24:00Z,2022-05-07T01:32:00Z
12,O+,2022-05-07T08:29:00Z,2022-05-07T08:34:00Z
12,O+,2022-05-07T22:37:00Z,2022-05-07T22:46:00Z
12,O+,2022-05-08T12:25:00Z,2022-05-08T12:30:00Z
12,O+,2022-05-09T16:44:00Z,2022-05-09T16:51:00Z
12,O+,2022-05-10T14:21:00Z,2022-05-10T14:28:00Z
12,O+,2022-05-15T21:23:00Z,2022-05-15T21:30:00Z
12,O+,2022-05-16T19:00:00Z,2022-05-16T19:05:00Z
12,O+,2022-05-17T02:04:00Z,2022-05-17T02:10:00Z
12,O+,2022-05-17T09:09:00Z,2022-05-17T09:15:00Z
12,O+,2022-05-17T16:15:00Z,2022-05-17T16:20:00Z
12,O+,2022-05-18T20:33:00Z,2022-05-18T20:38:00Z
12,O+,2022-05-20T15:00:00Z,2022-05-20T15:07:00Z
12,O+,2022-05-22T09:27:00Z,2022-05-22T09:35:00Z
12,O+,2022-05-23T06:43:00Z,2022-05-23T06:49:00Z
12,O+,2022-05-24T03:56:00Z,2022-05-24T04:03:00Z
12,O+,2022-05-25T01:10:00Z,2022-05-25T01:17:00Z
12,O+,2022-05-25T22:24:00Z,2022-05-25T22:31:00Z
12,O+,2022-05-27T16:54:00Z,2022-05-27T16:59:00Z
12,O+,2022-05-28T20:49:00Z,2022-05-28T20:54:00Z
12,O+,2022-05-30T15:39:00Z,2022-05-30T15:47:00Z
12,O+,2022-06-02T00:18:00Z,2022-06-02T00:23:00Z
12,O+,2022-06-02T14:05:00Z,2022-06-02T14:11:00Z
12,O+,2022-06-03T11:18:00Z,2022-06-03T11:24:00Z
12,O+,2022-06-06T17:09:00Z,2022-06-06T17:17:00Z
12,O+,2022-06-07T07:42:00Z,2022-06-07T07:47:00Z
12,O+,2022-06-07T14:47:00Z,2022-06-07T14:52:00Z
12,O+,2022-06-10T20:39:00Z,2022-06-10T20:44:00Z
12,O+,2022-06-11T10:47:00Z,2022-06-11T10:53:00Z
12,O+,2022-06-12T08:02:00Z,2022-06-12T08:07:00Z
12,O+,2022-06-12T15:06:00Z,2022-06-12T15:12:00Z
12,O+,2022-06-13T11:57:00Z,2022-06-13T12:03:00Z
12,O+,2022-06-13T12:19:00Z,2022-06-13T12:26:00Z
12,O+,2022-06-14T09:35:00Z,2022-06-14T09:40:00Z
12,O+,2022-06-15T20:58:00Z,2022-06-15T21:05:00Z
12,O+,2022-06-16T04:03:00Z,2022-06-16T04:08:00Z
12,O+,2022-06-17T01:17:00Z,2022-06-17T01:22:00Z
12,O+,2022-06-20T21:19:00Z,2022-06-20T21:24:00Z
12,O+,2022-06-22T22:52:00Z,2022-06-22T22:57:00Z
12,O+,2022-06-23T05:55:00Z,2022-06-23T06:00:00Z
12,O+,2022-06-26T18:51:00Z,2022-06-26T18:56:00Z
12,O+,2022-07-08T06:53:00Z,2022-07-08T06:58:00Z
12,O+,2022-07-10T08:24:00Z,2022-07-10T08:30:00Z
12,O+,2022-08-30T15:56:00Z,2022-08-30T16:01:00Z
12,O+,2022-09-05T20:12:00Z,2022-09-05T20:22:00Z
12,O+,2022-09-17T22:20:00Z,2022-09-17T22:29:00Z
12,O+,2022-09-22T23:00:00Z,2022-09-22T23:09:00Z
12,O+,2022-10-01T05:12:00Z,2022-10-01T05:19:00Z
12,O+,2022-10-27T04:01:00Z,2022-10-27T04:06:00Z
12,O+,2023-06-30T16:33:00Z,2023-06-30T16:43:00Z
12,O+,2023-06-30T23:35:00Z,2023-06-30T23:43:00Z
12,O+,2023-07-01T14:17:00Z,2023-07-01T14:24:00Z
12,O+,2023-07-03T22:24:00Z,2023-07-03T22:34:00Z
12,O+,2023-07-04T12:33:00Z,2023-07-04T12:43:00Z
12,O+,2023-07-06T14:05:00Z,2023-07-06T14:15:00Z
12,O+,2023-07-06T21:09:00Z,2023-07-06T21:18:00Z
12,O+,2023-07-06T21:44:00Z,2023-07-06T21:49:00Z
12,O+,2023-07-07T18:25:00Z,2023-07-07T18:34:00Z
12,O+,2023-07-08T02:03:00Z,2023-07-08T02:09:00Z
12,O+,2023-07-08T16:08:00Z,2023-07-08T16:18:00Z
12,O+,2023-07-09T06:22:00Z,2023-07-09T06:28:00Z
12,O+,2023-07-09T19:58:00Z,2023-07-09T20:07:00Z
12,O+,2023-07-16T22:25:00Z,2023-07-16T22:32:00Z
12,O+,2023-07-17T19:36:00Z,2023-07-17T19:46:00Z
12,O+,2023-07-18T02:45:00Z,2023-07-18T02:50:00Z
12,O+,2023-07-21T01:28:00Z,2023-07-21T01:38:00Z
12,O+,2023-07-21T08:04:00Z,2023-07-21T08:14:00Z
12,O+,2023-07-21T08:34:00Z,2023-07-21T08:44:00Z
12,O+,2023-07-23T02:32:00Z,2023-07-23T02:39:00Z
12,O+,2023-07-23T03:01:00Z,2023-07-23T03:11:00Z
12,O+,2023-07-23T23:48:00Z,2023-07-23T23:53:00Z
12,O+,2023-07-25T18:45:00Z,2023-07-25T18:52:00Z
12,O+,2023-07-27T05:39:00Z,2023-07-27T05:49:00Z
12,O+,2023-07-27T13:15:00Z,2023-07-27T13:24:00Z
12,O+,2023-07-29T00:40:00Z,2023-07-29T00:47:00Z
12,O+,2023-07-29T07:43:00Z,2023-07-29T07:52:00Z
12,O+,2023-07-29T21:54:00Z,2023-07-29T22:02:00Z
12,O+,2023-07-31T02:10:00Z,2023-07-31T02:20:00Z
12,O+,2023-08-02T03:45:00Z,2023-08-02T03:55:00Z
12,O+,2023-08-02T10:49:00Z,2023-08-02T10:59:00Z
12,O+,2023-08-02T17:55:00Z,2023-08-02T18:04:00Z
12,O+,2023-08-05T02:33:00Z,2023-08-05T02:42:00Z
12,O+,2023-08-07T18:19:00Z,2023-08-07T18:25:00Z
12,O+,2023-08-09T05:38:00Z,2023-08-09T05:48:00Z
12,O+,2023-08-09T12:45:00Z,2023-08-09T12:53:00Z
12,O+,2023-08-09T19:51:00Z,2023-08-09T19:59:00Z
12,O+,2023-08-10T17:07:00Z,2023-08-10T17:13:00Z
12,O+,2023-08-11T14:22:00Z,2023-08-11T14:27:00Z
12,O+,2023-08-13T15:51:00Z,2023-08-13T16:01:00Z
12,O+,2023-08-14T06:03:00Z,2023-08-14T06:10:00Z
12,O+,2023-08-17T18:57:00Z,2023-08-17T19:03:00Z
12,O+,2023-08-18T16:11:00Z,2023-08-18T16:21:00Z
12,O+,2023-08-21T15:00:00Z,2023-08-21T15:10:00Z
12,O+,2023-08-21T22:09:00Z,2023-08-21T22:14:00Z
12,O+,2023-08-22T19:21:00Z,2023-08-22T19:28:00Z
12,O+,2023-08-23T02:26:00Z,2023-08-23T02:33:00Z
12,O+,2023-08-23T16:32:00Z,2023-08-23T16:39:00Z
12,O+,2023-08-24T20:48:00Z,2023-08-24T20:58:00Z
12,O+,2023-08-25T03:56:00Z,2023-08-25T04:06:00Z
12,O+,2023-08-26T15:21:00Z,2023-08-26T15:31:00Z
12,O+,2023-08-27T19:42:00Z,2023-08-27T19:50:00Z
12,O+,2023-08-28T23:31:00Z,2023-08-28T23:41:00Z
12,O+,2023-08-28T23:58:00Z,2023-08-29T00:05:00Z
12,O+,2023-08-29T21:13:00Z,2023-08-29T21:23:00Z
12,O+,2023-08-30T04:18:00Z,2023-08-30T04:28:00Z
12,O+,2023-08-31T22:51:00Z,2023-08-31T22:56:00Z
12,O+,2023-09-02T03:09:00Z,2023-09-02T03:16:00Z
12,O+,2023-09-02T10:16:00Z,2023-09-02T10:22:00Z
12,O+,2023-09-03T14:35:00Z,2023-09-03T14:40:00Z
12,O+,2023-09-06T06:17:00Z,2023-09-06T06:23:00Z
12,O+,2023-09-08T00:47:00Z,2023-09-08T00:52:00Z
12,O+,2023-09-08T07:51:00Z,2023-09-08T07:57:00Z
12,O+,2023-09-11T20:42:00Z,2023-09-11T20:47:00Z
12,O+,2023-09-12T17:56:00Z,2023-09-12T18:04:00Z
12,O+,2023-09-13T08:09:00Z,2023-09-13T08:18:00Z
12,O+,2023-09-13T15:15:00Z,2023-09-13T15:23:00Z
12,O+,2023-09-15T09:42:00Z,2023-09-15T09:51:00Z
12,O+,2023-09-15T16:46:00Z,2023-09-15T16:56:00Z
12,O+,2023-09-16T13:59:00Z,2023-09-16T14:05:00Z
12,O+,2023-09-21T13:52:00Z,2023-09-21T14:01:00Z
12,O+,2023-09-21T14:22:00Z,2023-09-21T14:32:00Z
12,O+,2023-09-23T15:53:00Z,2023-09-23T16:03:00Z
12,O+,2023-09-24T13:12:00Z,2023-09-24T13:19:00Z
12,O+,2023-09-26T07:39:00Z,2023-09-26T07:49:00Z
12,O+,2023-09-26T14:43:00Z,2023-09-26T14:53:00Z
12,O+,2023-09-26T21:19:00Z,2023-09-26T21:27:00Z
12,O+,2023-10-03T23:47:00Z,2023-10-03T23:53:00Z
12,O+,2023-10-04T20:57:00Z,2023-10-04T21:07:00Z
12,O+,2023-10-06T14:57:00Z,2023-10-06T15:03:00Z
12,O+,2023-10-15T11:21:00Z,2023-10-15T11:31:00Z
12,O+,2023-10-21T16:31:00Z,2023-10-21T16:36:00Z
12,O+,2023-10-26T23:54:00Z,2023-10-27T00:02:00Z
12,O+,2023-10-28T11:21:00Z,2023-10-28T11:30:00Z
12,O+,2023-10-30T12:24:00Z,2023-10-30T12:30:00Z
12,O+,2023-12-02T20:41:00Z,2023-12-02T20:46:00Z
12,O+,2023-12-02T20:58:00Z,2023-12-02T21:07:00Z
12,O+,2023-12-03T11:06:00Z,2023-12-03T11:14:00Z
12,O+,2023-12-04T15:02:00Z,2023-12-04T15:07:00Z
12,O+,2023-12-04T15:28:00Z,2023-12-04T15:38:00Z
12,O+,2023-12-04T22:31:00Z,2023-12-04T22:41:00Z
12,O+,2023-12-05T05:35:00Z,2023-12-05T05:43:00Z
12,O+,2023-12-06T17:02:00Z,2023-12-06T17:09:00Z
12,O+,2023-12-09T01:40:00Z,2023-12-09T01:50:00Z
12,O+,2023-12-12T00:28:00Z,2023-12-12T00:38:00Z
12,O+,2023-12-14T16:11:00Z,2023-12-14T16:21:00Z
12,O+,2023-12-14T23:17:00Z,2023-12-14T23:24:00Z
12,O+,2023-12-17T00:19:00Z,2023-12-17T00:29:00Z
12,O+,2023-12-17T07:55:00Z,2023-12-17T08:03:00Z
12,O+,2023-12-19T16:31:00Z,2023-12-19T16:38:00Z
12,O+,2023-12-23T19:43:00Z,2023-12-23T19:51:00Z
12,O+,2023-12-24T09:55:00Z,2023-12-24T10:01:00Z
12,O+,2023-12-27T01:34:00Z,2023-12-27T01:44:00Z
12,O+,2023-12-29T09:58:00Z,2023-12-29T10:03:00Z
12,O+,2023-12-29T10:13:00Z,2023-12-29T10:18:00Z
12,O+,2023-12-30T14:31:00Z,2023-12-30T14:41:00Z
12,O+,2023-12-31T04:40:00Z,2023-12-31T04:50:00Z
12,O+,2024-01-04T21:59:00Z,2024-01-04T22:04:00Z
12,O+,2024-01-13T04:11:00Z,2024-01-13T04:21:00Z
12,O+,2024-01-14T01:29:00Z,2024-01-14T01:39:00Z
12,O+,2024-01-15T12:55:00Z,2024-01-15T13:02:00Z
12,O+,2024-01-23T19:08:00Z,2024-01-23T19:18:00Z
12,O+,2024-01-25T06:32:00Z,2024-01-25T06:42:00Z
12,O+,2024-01-29T23:49:00Z,2024-01-29T23:55:00Z
12,O+,2024-02-04T21:28:00Z,2024-02-04T21:36:00Z
12,O+,2024-02-18T03:34:00Z,2024-02-18T03:44:00Z
12,O+,2024-02-18T03:44:00Z,2024-02-18T03:50:00Z
12,O+,2024-02-20T12:47:00Z,2024-02-20T12:52:00Z
12,O+,2024-02-22T13:47:00Z,2024-02-22T13:53:00Z
12,O+,2024-02-23T18:12:00Z,2024-02-23T18:22:00Z
12,O+,2024-02-25T12:42:00Z,2024-02-25T12:47:00Z
12,O+,2024-02-26T09:53:00Z,2024-02-26T10:01:00Z
12,O+,2024-03-06T06:49:00Z,2024-03-06T06:54:00Z
12,O+,2024-03-10T09:54:00Z,2024-03-10T10:01:00Z
12,O+,2024-03-10T23:33:00Z,2024-03-10T23:41:00Z
12,O+,2024-03-11T00:04:00Z,2024-03-11T00:09:00Z
12,O+,2024-03-11T14:14:00Z,2024-03-11T14:23:00Z
12,O+,2024-03-17T04:49:00Z,2024-03-17T04:54:00Z
12,O+,2024-03-21T15:01:00Z,2024-03-21T15:06:00Z
12,O+,2024-03-24T06:45:00Z,2024-03-24T06:52:00Z
12,O+,2024-03-29T06:35:00Z,2024-03-29T06:41:00Z
12,O+,2024-04-14T19:08:00Z,2024-04-14T19:17:00Z
12,O+,2024-04-15T16:22:00Z,2024-04-15T16:31:00Z
12,O+,2024-04-20T17:19:00Z,2024-04-20T17:27:00Z
12,O+,2024-04-25T10:06:00Z,2024-04-25T10:11:00Z
12,O+,2024-06-26T17:03:00Z,2024-06-26T17:08:00Z
12,O+,2024-08-09T22:48:00Z,2024-08-09T22:53:00Z
12,O+,2024-08-17T08:23:00Z,2024-08-17T08:30:00Z
12,O+,2024-08-21T11:31:00Z,2024-08-21T11:40:00Z
12,O+,2024-08-23T06:03:00Z,2024-08-23T06:10:00Z
12,O+,2024-08-29T03:10:00Z,2024-08-29T03:15:00Z
12,O+,2024-08-29T10:44:00Z,2024-08-29T10:54:00Z
12,O+,2024-09-02T13:21:00Z,2024-09-02T13:26:00Z
12,O+,2024-09-09T15:51:00Z,2024-09-09T16:00:00Z
12,O+,2024-09-14T16:14:00Z,2024-09-14T16:24:00Z
12,O+,2024-09-18T04:43:00Z,2024-09-18T04:53:00Z
12,O+,2024-09-18T11:47:00Z,2024-09-18T11:57:00Z
12,O+,2024-09-18T19:25:00Z,2024-09-18T19:35:00Z
12,O+,2024-09-19T09:06:00Z,2024-09-19T09:14:00Z
12,O+,2024-09-21T17:46:00Z,2024-09-21T17:51:00Z
12,O+,2024-09-22T01:20:00Z,2024-09-22T01:30:00Z
12,O+,2024-09-23T05:42:00Z,2024-09-23T05:49:00Z
12,O+,2024-09-26T11:36:00Z,2024-09-26T11:44:00Z
12,O+,2024-09-27T08:51:00Z,2024-09-27T08:58:00Z
12,O+,2024-09-29T10:25:00Z,2024-09-29T10:32:00Z
12,O+,2024-10-01T11:58:00Z,2024-10-01T12:08:00Z
12,O+,2024-10-01T18:34:00Z,2024-10-01T18:42:00Z
12,O+,2024-10-03T06:26:00Z,2024-10-03T06:36:00Z
12,O+,2024-10-05T00:57:00Z,2024-10-05T01:07:00Z
12,O+,2024-10-18T00:02:00Z,2024-10-18T00:12:00Z
12,O+,2024-10-21T20:09:00Z,2024-10-21T20:19:00Z
12,O+,2024-10-22T10:17:00Z,2024-10-22T10:27:00Z
12,O+,2024-10-23T14:40:00Z,2024-10-23T14:50:00Z
12,O+,2024-10-26T21:05:00Z,2024-10-26T21:15:00Z
12,O+,2024-10-28T15:03:00Z,2024-10-28T15:12:00Z
12,O+,2024-10-28T22:41:00Z,2024-10-28T22:47:00Z
12,O+,2024-10-29T05:15:00Z,2024-10-29T05:25:00Z
12,O+,2024-10-31T06:54:00Z,2024-10-31T07:01:00Z
12,O+,2024-10-31T20:59:00Z,2024-10-31T21:08:00Z
12,O+,2024-11-01T04:04:00Z,2024-11-01T04:11:00Z
12,O+,2024-11-02T01:48:00Z,2024-11-02T01:57:00Z
12,O+,2024-11-02T15:32:00Z,2024-11-02T15:37:00Z
12,O+,2024-12-28T22:48:00Z,2024-12-28T22:58:00Z
12,O+,2024-12-28T22:58:00Z,2024-12-28T23:05:00Z
12,O2+,2021-11-13T11:30:00Z,2021-11-13T11:35:00Z
12,O2+,2021-11-26T17:46:00Z,2021-11-26T17:52:00Z
12,O2+,2022-03-02T06:58:00Z,2022-03-02T07:04:00Z
12,O2+,2022-03-04T01:27:00Z,2022-03-04T01:32:00Z
12,O2+,2022-03-21T18:06:00Z,2022-03-21T18:14:00Z
12,O2+,2022-03-22T15:23:00Z,2022-03-22T15:28:00Z
12,O2+,2022-03-23T19:41:00Z,2022-03-23T19:47:00Z
12,O2+,2022-03-28T05:48:00Z,2022-03-28T05:55:00Z
12,O2+,2022-04-07T13:35:00Z,2022-04-07T13:42:00Z
12,O2+,2022-04-10T05:16:00Z,2022-04-10T05:24:00Z
12,O2+,2022-04-12T21:01:00Z,2022-04-12T21:06:00Z
12,O2+,2022-04-17T07:10:00Z,2022-04-17T07:16:00Z
12,O2+,2022-04-18T11:30:00Z,2022-04-18T11:35:00Z
12,O2+,2022-04-27T21:57:00Z,2022-04-27T22:04:00Z
12,O2+,2022-04-28T05:04:00Z,2022-04-28T05:11:00Z
12,O2+,2022-04-29T16:29:00Z,2022-04-29T16:34:00Z
12,O2+,2022-04-30T13:39:00Z,2022-04-30T13:45:00Z
12,O2+,2022-05-06T18:19:00Z,2022-05-06T18:25:00Z
12,O2+,2022-05-07T22:41:00Z,2022-05-07T22:46:00Z
12,O2+,2022-05-12T01:43:00Z,2022-05-12T01:50:00Z
12,O2+,2022-05-22T02:23:00Z,2022-05-22T02:31:00Z
12,O2+,2022-05-30T15:39:00Z,2022-05-30T15:47:00Z
12,O2+,2022-06-03T11:18:00Z,2022-06-03T11:26:00Z
12,O2+,2022-06-06T17:12:00Z,2022-06-06T17:17:00Z
12,O2+,2022-06-19T09:55:00Z,2022-06-19T10:01:00Z
12,O2+,2022-06-20T21:19:00Z,2022-06-20T21:24:00Z
12,O2+,2022-08-03T19:52:00Z,2022-08-03T19:57:00Z
12,O2+,2022-08-27T16:46:00Z,2022-08-27T16:56:00Z
12,O2+,2022-08-30T15:56:00Z,2022-08-30T16:01:00Z
12,O2+,2022-09-05T20:16:00Z,2022-09-05T20:23:00Z
12,O2+,2022-09-30T14:40:00Z,2022-09-30T14:45:00Z
12,O2+,2022-10-10T22:46:00Z,2022-10-10T22:51:00Z
12,O2+,2022-10-21T20:38:00Z,2022-10-21T20:43:00Z
12,O2+,2022-10-26T06:46:00Z,2022-10-26T06:51:00Z
12,O2+,2022-10-27T04:01:00Z,2022-10-27T04:06:00Z
12,O2+,2023-06-30T23:35:00Z,2023-06-30T23:43:00Z
12,O2+,2023-07-01T14:17:00Z,2023-07-01T14:24:00Z
12,O2+,2023-07-02T11:09:00Z,2023-07-02T11:19:00Z
12,O2+,2023-07-02T11:28:00Z,2023-07-02T11:38:00Z
12,O2+,2023-07-03T08:14:00Z,2023-07-03T08:20:00Z
12,O2+,2023-07-03T22:26:00Z,2023-07-03T22:36:00Z
12,O2+,2023-07-04T12:33:00Z,2023-07-04T12:43:00Z
12,O2+,2023-07-05T03:15:00Z,2023-07-05T03:21:00Z
12,O2+,2023-07-05T09:46:00Z,2023-07-05T09:52:00Z
12,O2+,2023-07-05T10:19:00Z,2023-07-05T10:25:00Z
12,O2+,2023-07-06T00:29:00Z,2023-07-06T00:35:00Z
12,O2+,2023-07-06T14:07:00Z,2023-07-06T14:17:00Z
12,O2+,2023-07-06T21:09:00Z,2023-07-06T21:18:00Z
12,O2+,2023-07-07T18:25:00Z,2023-07-07T18:34:00Z
12,O2+,2023-07-08T02:03:00Z,2023-07-08T02:09:00Z
12,O2+,2023-07-08T16:07:00Z,2023-07-08T16:17:00Z
12,O2+,2023-07-09T06:22:00Z,2023-07-09T06:28:00Z
12,O2+,2023-07-09T19:58:00Z,2023-07-09T20:08:00Z
12,O2+,2023-07-10T17:15:00Z,2023-07-10T17:25:00Z
12,O2+,2023-07-13T23:05:00Z,2023-07-13T23:15:00Z
12,O2+,2023-07-16T01:11:00Z,2023-07-16T01:17:00Z
12,O2+,2023-07-16T14:48:00Z,2023-07-16T14:56:00Z
12,O2+,2023-07-16T22:25:00Z,2023-07-16T22:32:00Z
12,O2+,2023-07-17T19:36:00Z,2023-07-17T19:46:00Z
12,O2+,2023-07-18T02:44:00Z,2023-07-18T02:50:00Z
12,O2+,2023-07-18T23:56:00Z,2023-07-19T00:04:00Z
12,O2+,2023-07-19T07:02:00Z,2023-07-19T07:09:00Z
12,O2+,2023-07-20T11:25:00Z,2023-07-20T11:30:00Z
12,O2+,2023-07-20T18:25:00Z,2023-07-20T18:34:00Z
12,O2+,2023-07-21T01:28:00Z,2023-07-21T01:38:00Z
12,O2+,2023-07-21T08:06:00Z,2023-07-21T08:16:00Z
12,O2+,2023-07-21T08:34:00Z,2023-07-21T08:44:00Z
12,O2+,2023-07-21T22:14:00Z,2023-07-21T22:20:00Z
12,O2+,2023-07-21T22:43:00Z,2023-07-21T22:53:00Z
12,O2+,2023-07-22T05:45:00Z,2023-07-22T05:52:00Z
12,O2+,2023-07-23T02:32:00Z,2023-07-23T02:39:00Z
12,O2+,2023-07-23T03:01:00Z,2023-07-23T03:11:00Z
12,O2+,2023-07-23T23:48:00Z,2023-07-23T23:58:00Z
12,O2+,2023-07-24T00:22:00Z,2023-07-24T00:27:00Z
12,O2+,2023-07-24T13:57:00Z,2023-07-24T14:07:00Z
12,O2+,2023-07-25T18:45:00Z,2023-07-25T18:52:00Z
12,O2+,2023-07-26T01:21:00Z,2023-07-26T01:30:00Z
12,O2+,2023-07-26T01:52:00Z,2023-07-26T02:00:00Z
12,O2+,2023-07-26T22:35:00Z,2023-07-26T22:41:00Z
12,O2+,2023-07-27T05:39:00Z,2023-07-27T05:49:00Z
12,O2+,2023-07-27T13:15:00Z,2023-07-27T13:24:00Z
12,O2+,2023-07-29T00:40:00Z,2023-07-29T00:47:00Z
12,O2+,2023-07-29T21:54:00Z,2023-07-29T22:02:00Z
12,O2+,2023-07-31T02:09:00Z,2023-07-31T02:19:00Z
12,O2+,2023-08-01T13:09:00Z,2023-08-01T13:16:00Z
12,O2+,2023-08-02T03:45:00Z,2023-08-02T03:55:00Z
12,O2+,2023-08-02T10:49:00Z,2023-08-02T10:59:00Z
12,O2+,2023-08-04T05:21:00Z,2023-08-04T05:27:00Z
12,O2+,2023-08-04T12:23:00Z,2023-08-04T12:33:00Z
12,O2+,2023-08-04T18:59:00Z,2023-08-04T19:06:00Z
12,O2+,2023-08-05T02:33:00Z,2023-08-05T02:42:00Z
12,O2+,2023-08-05T09:39:00Z,2023-08-05T09:47:00Z
12,O2+,2023-08-06T13:27:00Z,2023-08-06T13:37:00Z
12,O2+,2023-08-07T18:19:00Z,2023-08-07T18:25:00Z
12,O2+,2023-08-09T05:37:00Z,2023-08-09T05:47:00Z
12,O2+,2023-08-09T12:45:00Z,2023-08-09T12:53:00Z
12,O2+,2023-08-09T19:50:00Z,2023-08-09T19:59:00Z
12,O2+,2023-08-10T17:07:00Z,2023-08-10T17:13:00Z
12,O2+,2023-08-11T14:21:00Z,2023-08-11T14:27:00Z
12,O2+,2023-08-11T21:25:00Z,2023-08-11T21:33:00Z
12,O2+,2023-08-13T01:12:00Z,2023-08-13T01:17:00Z
12,O2+,2023-08-13T08:51:00Z,2023-08-13T08:56:00Z
12,O2+,2023-08-13T15:49:00Z,2023-08-13T15:59:00Z
12,O2+,2023-08-14T06:03:00Z,2023-08-14T06:10:00Z
12,O2+,2023-08-16T14:10:00Z,2023-08-16T14:20:00Z
12,O2+,2023-08-17T11:50:00Z,2023-08-17T12:00:00Z
12,O2+,2023-08-18T16:11:00Z,2023-08-18T16:21:00Z
12,O2+,2023-08-20T03:40:00Z,2023-08-20T03:45:00Z
12,O2+,2023-08-20T10:46:00Z,2023-08-20T10:51:00Z
12,O2+,2023-08-21T15:00:00Z,2023-08-21T15:10:00Z
12,O2+,2023-08-22T18:49:00Z,2023-08-22T18:56:00Z
12,O2+,2023-08-22T19:21:00Z,2023-08-22T19:28:00Z
12,O2+,2023-08-23T02:26:00Z,2023-08-23T02:33:00Z
12,O2+,2023-08-23T16:30:00Z,2023-08-23T16:39:00Z
12,O2+,2023-08-24T20:22:00Z,2023-08-24T20:32:00Z
12,O2+,2023-08-24T20:49:00Z,2023-08-24T20:59:00Z
12,O2+,2023-08-25T03:55:00Z,2023-08-25T04:05:00Z
12,O2+,2023-08-26T15:20:00Z,2023-08-26T15:30:00Z
12,O2+,2023-08-26T21:58:00Z,2023-08-26T22:08:00Z
12,O2+,2023-08-26T22:26:00Z,2023-08-26T22:36:00Z
12,O2+,2023-08-27T05:33:00Z,2023-08-27T05:40:00Z
12,O2+,2023-08-27T19:41:00Z,2023-08-27T19:50:00Z
12,O2+,2023-08-28T23:31:00Z,2023-08-28T23:41:00Z
12,O2+,2023-08-29T21:14:00Z,2023-08-29T21:24:00Z
12,O2+,2023-08-30T04:17:00Z,2023-08-30T04:27:00Z
12,O2+,2023-08-31T22:51:00Z,2023-08-31T22:56:00Z
12,O2+,2023-09-01T05:52:00Z,2023-09-01T06:01:00Z
12,O2+,2023-09-02T03:09:00Z,2023-09-02T03:16:00Z
12,O2+,2023-09-02T10:16:00Z,2023-09-02T10:22:00Z
12,O2+,2023-09-03T14:35:00Z,2023-09-03T14:40:00Z
12,O2+,2023-09-05T08:59:00Z,2023-09-05T09:08:00Z
12,O2+,2023-09-06T06:17:00Z,2023-09-06T06:23:00Z
12,O2+,2023-09-07T03:32:00Z,2023-09-07T03:37:00Z
12,O2+,2023-09-08T07:18:00Z,2023-09-08T07:26:00Z
12,O2+,2023-09-08T07:51:00Z,2023-09-08T07:57:00Z
12,O2+,2023-09-09T05:00:00Z,2023-09-09T05:10:00Z
12,O2+,2023-09-09T12:06:00Z,2023-09-09T12:16:00Z
12,O2+,2023-09-10T02:19:00Z,2023-09-10T02:25:00Z
12,O2+,2023-09-11T13:35:00Z,2023-09-11T13:40:00Z
12,O2+,2023-09-12T17:31:00Z,2023-09-12T17:39:00Z
12,O2+,2023-09-12T17:56:00Z,2023-09-12T18:04:00Z
12,O2+,2023-09-13T08:08:00Z,2023-09-13T08:18:00Z
12,O2+,2023-09-13T15:15:00Z,2023-09-13T15:23:00Z
12,O2+,2023-09-15T09:42:00Z,2023-09-15T09:51:00Z
12,O2+,2023-09-15T16:46:00Z,2023-09-15T16:56:00Z
12,O2+,2023-09-16T06:26:00Z,2023-09-16T06:33:00Z
12,O2+,2023-09-16T13:32:00Z,2023-09-16T13:38:00Z
12,O2+,2023-09-16T13:59:00Z,2023-09-16T14:05:00Z
12,O2+,2023-09-21T13:52:00Z,2023-09-21T14:02:00Z
12,O2+,2023-09-21T14:22:00Z,2023-09-21T14:32:00Z
12,O2+,2023-09-23T15:54:00Z,2023-09-23T16:04:00Z
12,O2+,2023-09-23T22:57:00Z,2023-09-23T23:05:00Z
12,O2+,2023-09-24T12:40:00Z,2023-09-24T12:46:00Z
12,O2+,2023-09-24T13:12:00Z,2023-09-24T13:19:00Z
12,O2+,2023-09-26T00:32:00Z,2023-09-26T00:39:00Z
12,O2+,2023-09-26T07:38:00Z,2023-09-26T07:48:00Z
12,O2+,2023-09-26T14:14:00Z,2023-09-26T14:20:00Z
12,O2+,2023-09-26T14:40:00Z,2023-09-26T14:50:00Z
12,O2+,2023-09-26T21:19:00Z,2023-09-26T21:27:00Z
12,O2+,2023-09-27T18:33:00Z,2023-09-27T18:39:00Z
12,O2+,2023-09-30T10:16:00Z,2023-09-30T10:21:00Z
12,O2+,2023-09-30T17:55:00Z,2023-09-30T18:00:00Z
12,O2+,2023-10-02T19:24:00Z,2023-10-02T19:33:00Z
12,O2+,2023-10-03T23:47:00Z,2023-10-03T23:53:00Z
12,O2+,2023-10-04T20:57:00Z,2023-10-04T21:07:00Z
12,O2+,2023-10-06T01:19:00Z,2023-10-06T01:26:00Z
12,O2+,2023-10-06T14:57:00Z,2023-10-06T15:03:00Z
12,O2+,2023-10-06T22:34:00Z,2023-10-06T22:41:00Z
12,O2+,2023-10-08T02:53:00Z,2023-10-08T02:59:00Z
12,O2+,2023-10-15T11:21:00Z,2023-10-15T11:31:00Z
12,O2+,2023-10-15T11:47:00Z,2023-10-15T11:55:00Z
12,O2+,2023-10-16T23:16:00Z,2023-10-16T23:22:00Z
12,O2+,2023-10-17T06:19:00Z,2023-10-17T06:28:00Z
12,O2+,2023-10-18T03:35:00Z,2023-10-18T03:42:00Z
12,O2+,2023-10-18T10:39:00Z,2023-10-18T10:44:00Z
12,O2+,2023-10-21T16:31:00Z,2023-10-21T16:36:00Z
12,O2+,2023-10-25T12:30:00Z,2023-10-25T12:38:00Z
12,O2+,2023-10-26T23:30:00Z,2023-10-26T23:37:00Z
12,O2+,2023-10-26T23:54:00Z,2023-10-27T00:02:00Z
12,O2+,2023-10-28T10:53:00Z,2023-10-28T11:00:00Z
12,O2+,2023-10-28T11:21:00Z,2023-10-28T11:30:00Z
12,O2+,2023-10-30T12:24:00Z,2023-10-30T12:30:00Z
12,O2+,2023-12-02T06:48:00Z,2023-12-02T06:58:00Z
12,O2+,2023-12-02T20:58:00Z,2023-12-02T21:07:00Z
12,O2+,2023-12-03T11:05:00Z,2023-12-03T11:14:00Z
12,O2+,2023-12-04T15:28:00Z,2023-12-04T15:38:00Z
12,O2+,2023-12-04T22:04:00Z,2023-12-04T22:09:00Z
12,O2+,2023-12-04T22:30:00Z,2023-12-04T22:40:00Z
12,O2+,2023-12-05T05:35:00Z,2023-12-05T05:43:00Z
12,O2+,2023-12-05T12:42:00Z,2023-12-05T12:52:00Z
12,O2+,2023-12-06T16:30:00Z,2023-12-06T16:38:00Z
12,O2+,2023-12-06T17:02:00Z,2023-12-06T17:09:00Z
12,O2+,2023-12-07T07:12:00Z,2023-12-07T07:19:00Z
12,O2+,2023-12-08T03:53:00Z,2023-12-08T04:02:00Z
12,O2+,2023-12-09T01:39:00Z,2023-12-09T01:49:00Z
12,O2+,2023-12-09T15:22:00Z,2023-12-09T15:28:00Z
12,O2+,2023-12-11T17:22:00Z,2023-12-11T17:28:00Z
12,O2+,2023-12-12T00:28:00Z,2023-12-12T00:38:00Z
12,O2+,2023-12-12T07:35:00Z,2023-12-12T07:42:00Z
12,O2+,2023-12-12T14:38:00Z,2023-12-12T14:48:00Z
12,O2+,2023-12-12T21:46:00Z,2023-12-12T21:52:00Z
12,O2+,2023-12-14T16:11:00Z,2023-12-14T16:21:00Z
12,O2+,2023-12-14T23:17:00Z,2023-12-14T23:24:00Z
12,O2+,2023-12-15T06:21:00Z,2023-12-15T06:30:00Z
12,O2+,2023-12-17T00:19:00Z,2023-12-17T00:29:00Z
12,O2+,2023-12-17T07:23:00Z,2023-12-17T07:32:00Z
12,O2+,2023-12-17T07:55:00Z,2023-12-17T08:03:00Z
12,O2+,2023-12-17T22:09:00Z,2023-12-17T22:14:00Z
12,O2+,2023-12-18T05:09:00Z,2023-12-18T05:19:00Z
12,O2+,2023-12-18T19:18:00Z,2023-12-18T19:28:00Z
12,O2+,2023-12-19T16:03:00Z,2023-12-19T16:08:00Z
12,O2+,2023-12-19T16:09:00Z,2023-12-19T16:14:00Z
12,O2+,2023-12-19T16:31:00Z,2023-12-19T16:38:00Z
12,O2+,2023-12-20T13:19:00Z,2023-12-20T13:29:00Z
12,O2+,2023-12-20T13:48:00Z,2023-12-20T13:58:00Z
12,O2+,2023-12-20T20:52:00Z,2023-12-20T21:02:00Z
12,O2+,2023-12-22T01:13:00Z,2023-12-22T01:21:00Z
12,O2+,2023-12-22T08:18:00Z,2023-12-22T08:26:00Z
12,O2+,2023-12-22T14:51:00Z,2023-12-22T15:00:00Z
12,O2+,2023-12-22T15:24:00Z,2023-12-22T15:31:00Z
12,O2+,2023-12-22T22:25:00Z,2023-12-22T22:35:00Z
12,O2+,2023-12-23T19:44:00Z,2023-12-23T19:51:00Z
12,O2+,2023-12-24T09:55:00Z,2023-12-24T10:01:00Z
12,O2+,2023-12-24T23:59:00Z,2023-12-25T00:06:00Z
12,O2+,2023-12-26T11:24:00Z,2023-12-26T11:34:00Z
12,O2+,2023-12-27T01:34:00Z,2023-12-27T01:44:00Z
12,O2+,2023-12-28T05:24:00Z,2023-12-28T05:32:00Z
12,O2+,2023-12-28T05:53:00Z,2023-12-28T06:03:00Z
12,O2+,2023-12-28T12:59:00Z,2023-12-28T13:09:00Z
12,O2+,2023-12-28T20:05:00Z,2023-12-28T20:12:00Z
12,O2+,2023-12-29T03:08:00Z,2023-12-29T03:18:00Z
12,O2+,2023-12-29T10:13:00Z,2023-12-29T10:18:00Z
12,O2+,2023-12-29T17:17:00Z,2023-12-29T17:27:00Z
12,O2+,2023-12-30T00:27:00Z,2023-12-30T00:32:00Z
12,O2+,2023-12-30T14:30:00Z,2023-12-30T14:40:00Z
12,O2+,2023-12-31T04:41:00Z,2023-12-31T04:51:00Z
12,O2+,2023-12-31T11:46:00Z,2023-12-31T11:56:00Z
12,O2+,2024-01-01T16:05:00Z,2024-01-01T16:15:00Z
12,O2+,2024-01-01T23:10:00Z,2024-01-01T23:20:00Z
12,O2+,2024-01-02T06:17:00Z,2024-01-02T06:25:00Z
12,O2+,2024-01-03T17:43:00Z,2024-01-03T17:49:00Z
12,O2+,2024-01-04T00:14:00Z,2024-01-04T00:21:00Z
12,O2+,2024-01-04T14:53:00Z,2024-01-04T15:03:00Z
12,O2+,2024-01-04T21:59:00Z,2024-01-04T22:04:00Z
12,O2+,2024-01-05T04:33:00Z,2024-01-05T04:42:00Z
12,O2+,2024-01-05T05:04:00Z,2024-01-05T05:12:00Z
12,O2+,2024-01-05T19:14:00Z,2024-01-05T19:23:00Z
12,O2+,2024-01-08T10:55:00Z,2024-01-08T11:05:00Z
12,O2+,2024-01-08T17:35:00Z,2024-01-08T17:44:00Z
12,O2+,2024-01-08T18:02:00Z,2024-01-08T18:09:00Z
12,O2+,2024-01-09T01:08:00Z,2024-01-09T01:14:00Z
12,O2+,2024-01-10T19:35:00Z,2024-01-10T19:45:00Z
12,O2+,2024-01-11T09:45:00Z,2024-01-11T09:54:00Z
12,O2+,2024-01-13T03:44:00Z,2024-01-13T03:54:00Z
12,O2+,2024-01-13T04:11:00Z,2024-01-13T04:21:00Z
12,O2+,2024-01-13T18:23:00Z,2024-01-13T18:32:00Z
12,O2+,2024-01-14T01:29:00Z,2024-01-14T01:39:00Z
12,O2+,2024-01-15T05:50:00Z,2024-01-15T05:57:00Z
12,O2+,2024-01-15T12:55:00Z,2024-01-15T13:02:00Z
12,O2+,2024-01-15T20:02:00Z,2024-01-15T20:08:00Z
12,O2+,2024-01-16T03:03:00Z,2024-01-16T03:08:00Z
12,O2+,2024-01-16T17:13:00Z,2024-01-16T17:22:00Z
12,O2+,2024-01-17T07:25:00Z,2024-01-17T07:31:00Z
12,O2+,2024-01-17T14:27:00Z,2024-01-17T14:37:00Z
12,O2+,2024-01-17T21:04:00Z,2024-01-17T21:14:00Z
12,O2+,2024-01-17T21:36:00Z,2024-01-17T21:42:00Z
12,O2+,2024-01-18T04:38:00Z,2024-01-18T04:46:00Z
12,O2+,2024-01-19T16:01:00Z,2024-01-19T16:10:00Z
12,O2+,2024-01-20T20:21:00Z,2024-01-20T20:30:00Z
12,O2+,2024-01-22T00:43:00Z,2024-01-22T00:48:00Z
12,O2+,2024-01-22T14:51:00Z,2024-01-22T14:59:00Z
12,O2+,2024-01-23T04:58:00Z,2024-01-23T05:08:00Z
12,O2+,2024-01-23T19:08:00Z,2024-01-23T19:18:00Z
12,O2+,2024-01-24T15:53:00Z,2024-01-24T16:00:00Z
12,O2+,2024-01-25T06:32:00Z,2024-01-25T06:42:00Z
12,O2+,2024-01-27T22:15:00Z,2024-01-27T22:25:00Z
12,O2+,2024-01-28T19:30:00Z,2024-01-28T19:35:00Z
12,O2+,2024-01-29T02:38:00Z,2024-01-29T02:44:00Z
12,O2+,2024-01-29T09:43:00Z,2024-01-29T09:48:00Z
12,O2+,2024-01-29T23:48:00Z,2024-01-29T23:53:00Z
12,O2+,2024-01-30T21:07:00Z,2024-01-30T21:14:00Z
12,O2+,2024-01-31T18:17:00Z,2024-01-31T18:27:00Z
12,O2+,2024-02-01T08:27:00Z,2024-02-01T08:37:00Z
12,O2+,2024-02-01T22:42:00Z,2024-02-01T22:48:00Z
12,O2+,2024-02-04T00:11:00Z,2024-02-04T00:16:00Z
12,O2+,2024-02-04T21:28:00Z,2024-02-04T21:36:00Z
12,O2+,2024-02-05T18:43:00Z,2024-02-05T18:50:00Z
12,O2+,2024-02-07T06:07:00Z,2024-02-07T06:13:00Z
12,O2+,2024-02-08T10:28:00Z,2024-02-08T10:33:00Z
12,O2+,2024-02-09T00:35:00Z,2024-02-09T00:43:00Z
12,O2+,2024-02-10T04:51:00Z,2024-02-10T05:01:00Z
12,O2+,2024-02-13T17:51:00Z,2024-02-13T18:00:00Z
12,O2+,2024-02-15T04:44:00Z,2024-02-15T04:49:00Z
12,O2+,2024-02-18T03:37:00Z,2024-02-18T03:47:00Z
12,O2+,2024-02-18T04:06:00Z,2024-02-18T04:13:00Z
12,O2+,2024-02-20T12:13:00Z,2024-02-20T12:22:00Z
12,O2+,2024-02-20T12:47:00Z,2024-02-20T12:52:00Z
12,O2+,2024-02-22T00:07:00Z,2024-02-22T00:12:00Z
12,O2+,2024-02-22T06:42:00Z,2024-02-22T06:47:00Z
12,O2+,2024-02-22T13:47:00Z,2024-02-22T13:53:00Z
12,O2+,2024-02-22T14:20:00Z,2024-02-22T14:26:00Z
12,O2+,2024-02-23T18:11:00Z,2024-02-23T18:21:00Z
12,O2+,2024-02-25T13:08:00Z,2024-02-25T13:13:00Z
12,O2+,2024-02-26T09:54:00Z,2024-02-26T10:00:00Z
12,O2+,2024-02-27T14:38:00Z,2024-02-27T14:48:00Z
12,O2+,2024-02-28T04:47:00Z,2024-02-28T04:55:00Z
12,O2+,2024-03-04T19:21:00Z,2024-03-04T19:31:00Z
12,O2+,2024-03-06T20:54:00Z,2024-03-06T21:04:00Z
12,O2+,2024-03-11T14:14:00Z,2024-03-11T14:21:00Z
12,O2+,2024-03-18T23:17:00Z,2024-03-18T23:24:00Z
12,O2+,2024-03-28T09:21:00Z,2024-03-28T09:28:00Z
12,O2+,2024-03-29T06:35:00Z,2024-03-29T06:41:00Z
12,O2+,2024-04-01T19:33:00Z,2024-04-01T19:39:00Z
12,O2+,2024-04-09T18:46:00Z,2024-04-09T18:55:00Z
12,O2+,2024-04-11T06:09:00Z,2024-04-11T06:15:00Z
12,O2+,2024-04-11T13:14:00Z,2024-04-11T13:19:00Z
12,O2+,2024-04-15T16:22:00Z,2024-04-15T16:31:00Z
12,O2+,2024-04-15T23:27:00Z,2024-04-15T23:37:00Z
12,O2+,2024-04-16T20:44:00Z,2024-04-16T20:51:00Z
12,O2+,2024-04-20T17:22:00Z,2024-04-20T17:27:00Z
12,O2+,2024-04-26T00:16:00Z,2024-04-26T00:21:00Z
12,O2+,2024-05-01T07:45:00Z,2024-05-01T07:53:00Z
12,O2+,2024-05-01T22:27:00Z,2024-05-01T22:34:00Z
12,O2+,2024-05-10T18:20:00Z,2024-05-10T18:27:00Z
12,O2+,2024-05-13T10:06:00Z,2024-05-13T10:16:00Z
12,O2+,2024-05-14T07:20:00Z,2024-05-14T07:26:00Z
12,O2+,2024-05-15T11:43:00Z,2024-05-15T11:50:00Z
12,O2+,2024-05-16T23:06:00Z,2024-05-16T23:14:00Z
12,O2+,2024-05-17T13:16:00Z,2024-05-17T13:24:00Z
12,O2+,2024-05-25T12:29:00Z,2024-05-25T12:34:00Z
12,O2+,2024-05-29T22:44:00Z,2024-05-29T22:49:00Z
12,O2+,2024-06-12T12:29:00Z,2024-06-12T12:37:00Z
12,O2+,2024-06-16T08:37:00Z,2024-06-16T08:42:00Z
12,O2+,2024-07-07T21:35:00Z,2024-07-07T21:45:00Z
12,O2+,2024-07-15T13:43:00Z,2024-07-15T13:52:00Z
12,O2+,2024-07-19T03:08:00Z,2024-07-19T03:18:00Z
12,O2+,2024-07-27T23:38:00Z,2024-07-27T23:45:00Z
12,O2+,2024-08-01T09:23:00Z,2024-08-01T09:31:00Z
12,O2+,2024-08-02T13:42:00Z,2024-08-02T13:48:00Z
12,O2+,2024-08-03T03:51:00Z,2024-08-03T03:59:00Z
12,O2+,2024-08-10T05:52:00Z,2024-08-10T05:59:00Z
12,O2+,2024-08-15T06:16:00Z,2024-08-15T06:21:00Z
12,O2+,2024-08-15T06:46:00Z,2024-08-15T06:55:00Z
12,O2+,2024-08-15T21:00:00Z,2024-08-15T21:06:00Z
12,O2+,2024-08-17T07:51:00Z,2024-08-17T07:57:00Z
12,O2+,2024-08-17T08:23:00Z,2024-08-17T08:30:00Z
12,O2+,2024-08-23T06:02:00Z,2024-08-23T06:10:00Z
12,O2+,2024-08-24T03:14:00Z,2024-08-24T03:24:00Z
12,O2+,2024-08-25T14:09:00Z,2024-08-25T14:15:00Z
12,O2+,2024-08-26T04:49:00Z,2024-08-26T04:58:00Z
12,O2+,2024-08-29T10:44:00Z,2024-08-29T10:54:00Z
12,O2+,2024-09-01T16:40:00Z,2024-09-01T16:46:00Z
12,O2+,2024-09-04T15:25:00Z,2024-09-04T15:35:00Z
12,O2+,2024-09-11T16:56:00Z,2024-09-11T17:05:00Z
12,O2+,2024-09-11T17:29:00Z,2024-09-11T17:35:00Z
12,O2+,2024-09-12T14:41:00Z,2024-09-12T14:51:00Z
12,O2+,2024-09-14T16:14:00Z,2024-09-14T16:23:00Z
12,O2+,2024-09-17T14:43:00Z,2024-09-17T14:53:00Z
12,O2+,2024-09-17T21:38:00Z,2024-09-17T21:48:00Z
12,O2+,2024-09-18T04:42:00Z,2024-09-18T04:49:00Z
12,O2+,2024-09-18T11:47:00Z,2024-09-18T11:57:00Z
12,O2+,2024-09-18T19:26:00Z,2024-09-18T19:36:00Z
12,O2+,2024-09-19T09:06:00Z,2024-09-19T09:13:00Z
12,O2+,2024-09-21T03:35:00Z,2024-09-21T03:45:00Z
12,O2+,2024-09-21T17:46:00Z,2024-09-21T17:51:00Z
12,O2+,2024-09-21T18:17:00Z,2024-09-21T18:25:00Z
12,O2+,2024-09-22T01:19:00Z,2024-09-22T01:29:00Z
12,O2+,2024-09-22T22:05:00Z,2024-09-22T22:13:00Z
12,O2+,2024-09-22T22:37:00Z,2024-09-22T22:44:00Z
12,O2+,2024-09-23T05:42:00Z,2024-09-23T05:49:00Z
12,O2+,2024-09-23T19:52:00Z,2024-09-23T19:57:00Z
12,O2+,2024-09-25T07:18:00Z,2024-09-25T07:25:00Z
12,O2+,2024-09-26T11:05:00Z,2024-09-26T11:15:00Z
12,O2+,2024-09-26T11:36:00Z,2024-09-26T11:44:00Z
12,O2+,2024-09-27T08:51:00Z,2024-09-27T08:58:00Z
12,O2+,2024-09-27T22:30:00Z,2024-09-27T22:38:00Z
12,O2+,2024-09-29T03:15:00Z,2024-09-29T03:21:00Z
12,O2+,2024-09-30T00:02:00Z,2024-09-30T00:11:00Z
12,O2+,2024-09-30T07:07:00Z,2024-09-30T07:14:00Z
12,O2+,2024-10-01T11:58:00Z,2024-10-01T12:08:00Z
12,O2+,2024-10-01T18:34:00Z,2024-10-01T18:43:00Z
12,O2+,2024-10-02T02:06:00Z,2024-10-02T02:16:00Z
12,O2+,2024-10-02T09:11:00Z,2024-10-02T09:21:00Z
12,O2+,2024-10-02T16:21:00Z,2024-10-02T16:27:00Z
12,O2+,2024-10-03T06:06:00Z,2024-10-03T06:12:00Z
12,O2+,2024-10-03T06:26:00Z,2024-10-03T06:36:00Z
12,O2+,2024-10-05T00:56:00Z,2024-10-05T01:06:00Z
12,O2+,2024-10-06T05:18:00Z,2024-10-06T05:26:00Z
12,O2+,2024-10-07T09:39:00Z,2024-10-07T09:44:00Z
12,O2+,2024-10-08T06:50:00Z,2024-10-08T06:58:00Z
12,O2+,2024-10-08T20:36:00Z,2024-10-08T20:44:00Z
12,O2+,2024-10-09T11:08:00Z,2024-10-09T11:18:00Z
12,O2+,2024-10-12T16:38:00Z,2024-10-12T16:47:00Z
12,O2+,2024-10-13T14:21:00Z,2024-10-13T14:29:00Z
12,O2+,2024-10-15T01:15:00Z,2024-10-15T01:25:00Z
12,O2+,2024-10-15T15:56:00Z,2024-10-15T16:04:00Z
12,O2+,2024-10-15T22:29:00Z,2024-10-15T22:34:00Z
12,O2+,2024-10-17T02:50:00Z,2024-10-17T03:00:00Z
12,O2+,2024-10-17T17:29:00Z,2024-10-17T17:36:00Z
12,O2+,2024-10-18T00:04:00Z,2024-10-18T00:14:00Z
12,O2+,2024-10-19T11:40:00Z,2024-10-19T11:47:00Z
12,O2+,2024-10-20T22:55:00Z,2024-10-20T23:05:00Z
12,O2+,2024-10-26T21:05:00Z,2024-10-26T21:15:00Z
12,O2+,2024-10-27T17:55:00Z,2024-10-27T18:02:00Z
12,O2+,2024-10-28T01:01:00Z,2024-10-28T01:08:00Z
12,O2+,2024-10-28T22:09:00Z,2024-10-28T22:19:00Z
12,O2+,2024-10-29T12:23:00Z,2024-10-29T12:32:00Z
12,O2+,2024-10-31T06:54:00Z,2024-10-31T07:01:00Z
12,O2+,2024-10-31T20:59:00Z,2024-10-31T21:08:00Z
12,O2+,2024-11-01T04:04:00Z,2024-11-01T04:11:00Z
12,O2+,2024-11-02T23:05:00Z,2024-11-02T23:15:00Z
12,O2+,2024-11-06T04:59:00Z,2024-11-06T05:09:00Z
12,O2+,2024-11-09T03:18:00Z,2024-11-09T03:26:00Z
12,O2+,2024-11-09T17:28:00Z,2024-11-09T17:35:00Z
12,O2+,2024-11-10T00:32:00Z,2024-11-10T00:42:00Z
12,O2+,2024-11-10T07:37:00Z,2024-11-10T07:46:00Z
12,O2+,2024-11-10T14:45:00Z,2024-11-10T14:50:00Z
12,O2+,2024-11-10T21:59:00Z,2024-11-10T22:06:00Z
12,O2+,2024-11-13T20:37:00Z,2024-11-13T20:46:00Z
12,O2+,2024-11-14T18:27:00Z,2024-11-14T18:34:00Z
12,O2+,2024-11-15T00:59:00Z,2024-11-15T01:07:00Z
12,O2+,2024-11-17T23:52:00Z,2024-11-18T00:00:00Z
12,O2+,2024-11-20T01:22:00Z,2024-11-20T01:32:00Z
12,O2+,2024-12-08T16:13:00Z,2024-12-08T16:18:00Z
12,O2+,2024-12-10T10:14:00Z,2024-12-10T10:19:00Z
12,O2+,2024-12-13T16:36:00Z,2024-12-13T16:43:00Z
12,O2+,2024-12-13T23:08:00Z,2024-12-13T23:18:00Z
12,O2+,2024-12-13T23:18:00Z,2024-12-13T23:25:00Z
12,O2+,2024-12-14T20:22:00Z,2024-12-14T20:32:00Z
12,O2+,2024-12-17T19:16:00Z,2024-12-17T19:26:00Z
12,O2+,2024-12-29T05:57:00Z,2024-12-29T06:07:00Z
12,O2+,2024-12-29T12:39:00Z,2024-12-29T12:49:00Z
12,O2+,2024-12-30T02:56:00Z,2024-12-30T03:06:00Z
12,O2+,2024-12-30T10:00:00Z,2024-12-30T10:05:00Z
12,O2+,2024-12-30T16:54:00Z,2024-12-30T17:02:00Z
12,O2+,2024-12-30T17:12:00Z,2024-12-30T17:17:00Z
12,O2+,2024-12-30T23:59:00Z,2024-12-31T00:09:00Z
12,O2+,2024-12-31T07:33:00Z,2024-12-31T07:42:00Z
12,O2+,2025-01-02T04:22:00Z,2025-01-02T04:32:00Z
12,O2+,2025-01-02T04:32:00Z,2025-01-02T04:42:00Z
12,O2+,2025-01-02T04:42:00Z,2025-01-02T04:49:00Z
12,O2+,2025-01-23T13:30:00Z,2025-01-23T13:40:00Z
12,O2+,2025-01-24T20:40:00Z,2025-01-24T20:50:00Z
12,O2+,2025-02-02T15:35:00Z,2025-02-02T15:45:00Z
12,O2+,2025-02-03T07:15:00Z,2025-02-03T07:25:00Z
12,O2+,2025-02-04T06:45:00Z,2025-02-04T06:54:00Z
12,O2+,2025-02-05T06:09:00Z,2025-02-05T06:18:00Z
12,O2+,2025-02-07T12:47:00Z,2025-02-07T12:57:00Z
12,O2+,2025-02-10T11:06:00Z,2025-02-10T11:16:00Z
12,O2+,2025-02-25T02:29:00Z,2025-02-25T02:39:00Z
12,O2+,2025-02-26T01:53:00Z,2025-02-26T01:59:00Z
12,O2+,2025-02-27T01:17:00Z,2025-02-27T01:25:00Z
12,O2+,2025-03-05T21:29:00Z,2025-03-05T21:39:00Z
12,O2+,2025-03-08T04:08:00Z,2025-03-08T04:18:00Z
12,O2+,2025-03-25T17:58:00Z,2025-03-25T18:08:00Z
